Command line invocation:
    /Applications/Xcode-26.4.app/Contents/Developer/usr/bin/xcodebuild build -project AppFileManager.xcodeproj -scheme AppFileManager -destination generic/platform=iOS -configuration Release -derivedDataPath build CODE_SIGN_IDENTITY= CODE_SIGNING_REQUIRED=NO CODE_SIGN_ENTITLEMENTS= CODE_SIGN_STYLE=Manual ENABLE_BITCODE=NO

Build settings from command line:
    CODE_SIGN_ENTITLEMENTS = 
    CODE_SIGN_IDENTITY = 
    CODE_SIGN_STYLE = Manual
    CODE_SIGNING_REQUIRED = NO
    ENABLE_BITCODE = NO

note: Using codesigning identity override: 
ComputePackagePrebuildTargetDependencyGraph

Prepare packages

CreateBuildRequest

SendProjectDescription

CreateBuildOperation

ComputeTargetDependencyGraph
note: Building targets in dependency order
note: Target dependency graph (1 target)
    Target 'AppFileManager' in project 'AppFileManager' (no dependencies)

GatherProvisioningInputs

CreateBuildDescription

ExecuteExternalTool /Applications/Xcode-26.4.app/Contents/Developer/Toolchains/XcodeDefault.xctoolchain/usr/bin/clang -v -E -dM -arch arm64 -isysroot /Applications/Xcode-26.4.app/Contents/Developer/Platforms/iPhoneOS.platform/Developer/SDKs/iPhoneOS26.4.sdk -x objective-c -c /dev/null

ExecuteExternalTool /Applications/Xcode-26.4.app/Contents/Developer/Toolchains/XcodeDefault.xctoolchain/usr/bin/clang -v -E -dM -isysroot /Applications/Xcode-26.4.app/Contents/Developer/Platforms/iPhoneOS.platform/Developer/SDKs/iPhoneOS26.4.sdk -x c -c /dev/null

ExecuteExternalTool /Applications/Xcode-26.4.app/Contents/Developer/Toolchains/XcodeDefault.xctoolchain/usr/bin/clang -v -E -dM -arch arm64 -isysroot /Applications/Xcode-26.4.app/Contents/Developer/Platforms/iPhoneOS.platform/Developer/SDKs/iPhoneOS26.4.sdk -x c -c /dev/null

ExecuteExternalTool /Applications/Xcode-26.4.app/Contents/Developer/Toolchains/XcodeDefault.xctoolchain/usr/bin/swiftc --version

ExecuteExternalTool /Applications/Xcode-26.4.app/Contents/Developer/Toolchains/XcodeDefault.xctoolchain/usr/bin/ld -version_details

Build description signature: 39e63f9ff37d18476142ba2b5ea3de76
Build description path: /Users/builder/clone/build/Build/Intermediates.noindex/XCBuildData/39e63f9ff37d18476142ba2b5ea3de76.xcbuilddata
ClangStatCache /Applications/Xcode-26.4.app/Contents/Developer/Toolchains/XcodeDefault.xctoolchain/usr/bin/clang-stat-cache /Applications/Xcode-26.4.app/Contents/Developer/Platforms/iPhoneOS.platform/Developer/SDKs/iPhoneOS26.4.sdk /Users/builder/clone/build/SDKStatCaches.noindex/iphoneos26.4-23E252-dc38477e7e47e42951976ad86cc01fb3.sdkstatcache
    cd /Users/builder/clone/AppFileManager.xcodeproj
    /Applications/Xcode-26.4.app/Contents/Developer/Toolchains/XcodeDefault.xctoolchain/usr/bin/clang-stat-cache /Applications/Xcode-26.4.app/Contents/Developer/Platforms/iPhoneOS.platform/Developer/SDKs/iPhoneOS26.4.sdk -o /Users/builder/clone/build/SDKStatCaches.noindex/iphoneos26.4-23E252-dc38477e7e47e42951976ad86cc01fb3.sdkstatcache

CreateBuildDirectory /Users/builder/clone/build/Build/Products
    cd /Users/builder/clone/AppFileManager.xcodeproj
    builtin-create-build-directory /Users/builder/clone/build/Build/Products

CreateBuildDirectory /Users/builder/clone/build/Build/Intermediates.noindex
    cd /Users/builder/clone/AppFileManager.xcodeproj
    builtin-create-build-directory /Users/builder/clone/build/Build/Intermediates.noindex

CreateBuildDirectory /Users/builder/clone/build/Build/Products/Release-iphoneos
    cd /Users/builder/clone/AppFileManager.xcodeproj
    builtin-create-build-directory /Users/builder/clone/build/Build/Products/Release-iphoneos

CreateBuildDirectory /Users/builder/clone/build/Build/Intermediates.noindex/SwiftExplicitPrecompiledModules
    cd /Users/builder/clone/AppFileManager.xcodeproj
    builtin-create-build-directory /Users/builder/clone/build/Build/Intermediates.noindex/SwiftExplicitPrecompiledModules

CreateBuildDirectory /Users/builder/clone/build/Build/Intermediates.noindex/ExplicitPrecompiledModules
    cd /Users/builder/clone/AppFileManager.xcodeproj
    builtin-create-build-directory /Users/builder/clone/build/Build/Intermediates.noindex/ExplicitPrecompiledModules

CreateBuildDirectory /Users/builder/clone/build/Build/Intermediates.noindex/EagerLinkingTBDs/Release-iphoneos
    cd /Users/builder/clone/AppFileManager.xcodeproj
    builtin-create-build-directory /Users/builder/clone/build/Build/Intermediates.noindex/EagerLinkingTBDs/Release-iphoneos

WriteAuxiliaryFile /Users/builder/clone/build/Build/Intermediates.noindex/AppFileManager.build/Release-iphoneos/AppFileManager-c3ba3eff093503c0d1b9bdb46b5e929e-VFS-iphoneos/all-product-headers.yaml
    cd /Users/builder/clone/AppFileManager.xcodeproj
    write-file /Users/builder/clone/build/Build/Intermediates.noindex/AppFileManager.build/Release-iphoneos/AppFileManager-c3ba3eff093503c0d1b9bdb46b5e929e-VFS-iphoneos/all-product-headers.yaml

WriteAuxiliaryFile /Users/builder/clone/build/Build/Intermediates.noindex/AppFileManager.build/Release-iphoneos/AppFileManager.build/Objects-normal/arm64/AppFileManager-OutputFileMap.json (in target 'AppFileManager' from project 'AppFileManager')
    cd /Users/builder/clone
    write-file /Users/builder/clone/build/Build/Intermediates.noindex/AppFileManager.build/Release-iphoneos/AppFileManager.build/Objects-normal/arm64/AppFileManager-OutputFileMap.json

WriteAuxiliaryFile /Users/builder/clone/build/Build/Intermediates.noindex/AppFileManager.build/Release-iphoneos/AppFileManager.build/Objects-normal/arm64/AppFileManager.SwiftConstValuesFileList (in target 'AppFileManager' from project 'AppFileManager')
    cd /Users/builder/clone
    write-file /Users/builder/clone/build/Build/Intermediates.noindex/AppFileManager.build/Release-iphoneos/AppFileManager.build/Objects-normal/arm64/AppFileManager.SwiftConstValuesFileList

WriteAuxiliaryFile /Users/builder/clone/build/Build/Intermediates.noindex/AppFileManager.build/Release-iphoneos/AppFileManager.build/Objects-normal/arm64/AppFileManager.LinkFileList (in target 'AppFileManager' from project 'AppFileManager')
    cd /Users/builder/clone
    write-file /Users/builder/clone/build/Build/Intermediates.noindex/AppFileManager.build/Release-iphoneos/AppFileManager.build/Objects-normal/arm64/AppFileManager.LinkFileList

WriteAuxiliaryFile /Users/builder/clone/build/Build/Intermediates.noindex/AppFileManager.build/Release-iphoneos/AppFileManager.build/Objects-normal/arm64/e6072d4f65d7061329687fe24e3d63a7-common-args.resp (in target 'AppFileManager' from project 'AppFileManager')
    cd /Users/builder/clone
    write-file /Users/builder/clone/build/Build/Intermediates.noindex/AppFileManager.build/Release-iphoneos/AppFileManager.build/Objects-normal/arm64/e6072d4f65d7061329687fe24e3d63a7-common-args.resp
'-std=gnu17' -fobjc-arc -fobjc-weak -fmodules -gmodules '-fmodules-cache-path=/Users/builder/clone/build/ModuleCache.noindex' -fpascal-strings -Os -fno-common '-DNS_BLOCK_ASSERTIONS=1' '-DOBJC_OLD_DISPATCH_PROTOTYPES=0' -g '-fvisibility=hidden' -iquote /Users/builder/clone/build/Build/Intermediates.noindex/AppFileManager.build/Release-iphoneos/AppFileManager.build/AppFileManager-generated-files.hmap -I/Users/builder/clone/build/Build/Intermediates.noindex/AppFileManager.build/Release-iphoneos/AppFileManager.build/AppFileManager-own-target-headers.hmap -I/Users/builder/clone/build/Build/Intermediates.noindex/AppFileManager.build/Release-iphoneos/AppFileManager.build/AppFileManager-all-target-headers.hmap -iquote /Users/builder/clone/build/Build/Intermediates.noindex/AppFileManager.build/Release-iphoneos/AppFileManager.build/AppFileManager-project-headers.hmap -I/Users/builder/clone/build/Build/Products/Release-iphoneos/include -I/Users/builder/clone/Sources/idevice -I/Users/builder/clone/build/Build/Intermediates.noindex/AppFileManager.build/Release-iphoneos/AppFileManager.build/DerivedSources-normal/arm64 -I/Users/builder/clone/build/Build/Intermediates.noindex/AppFileManager.build/Release-iphoneos/AppFileManager.build/DerivedSources/arm64 -I/Users/builder/clone/build/Build/Intermediates.noindex/AppFileManager.build/Release-iphoneos/AppFileManager.build/DerivedSources -F/Users/builder/clone/build/Build/Products/Release-iphoneos

WriteAuxiliaryFile /Users/builder/clone/build/Build/Intermediates.noindex/AppFileManager.build/Release-iphoneos/AppFileManager.build/Objects-normal/arm64/AppFileManager_const_extract_protocols.json (in target 'AppFileManager' from project 'AppFileManager')
    cd /Users/builder/clone
    write-file /Users/builder/clone/build/Build/Intermediates.noindex/AppFileManager.build/Release-iphoneos/AppFileManager.build/Objects-normal/arm64/AppFileManager_const_extract_protocols.json

WriteAuxiliaryFile /Users/builder/clone/build/Build/Intermediates.noindex/AppFileManager.build/Release-iphoneos/AppFileManager.build/AppFileManager.hmap (in target 'AppFileManager' from project 'AppFileManager')
    cd /Users/builder/clone
    write-file /Users/builder/clone/build/Build/Intermediates.noindex/AppFileManager.build/Release-iphoneos/AppFileManager.build/AppFileManager.hmap

WriteAuxiliaryFile /Users/builder/clone/build/Build/Intermediates.noindex/AppFileManager.build/Release-iphoneos/AppFileManager.build/Objects-normal/arm64/AppFileManager.SwiftFileList (in target 'AppFileManager' from project 'AppFileManager')
    cd /Users/builder/clone
    write-file /Users/builder/clone/build/Build/Intermediates.noindex/AppFileManager.build/Release-iphoneos/AppFileManager.build/Objects-normal/arm64/AppFileManager.SwiftFileList

WriteAuxiliaryFile /Users/builder/clone/build/Build/Intermediates.noindex/AppFileManager.build/Release-iphoneos/AppFileManager.build/AppFileManager.DependencyStaticMetadataFileList (in target 'AppFileManager' from project 'AppFileManager')
    cd /Users/builder/clone
    write-file /Users/builder/clone/build/Build/Intermediates.noindex/AppFileManager.build/Release-iphoneos/AppFileManager.build/AppFileManager.DependencyStaticMetadataFileList

WriteAuxiliaryFile /Users/builder/clone/build/Build/Intermediates.noindex/AppFileManager.build/Release-iphoneos/AppFileManager.build/AppFileManager.DependencyMetadataFileList (in target 'AppFileManager' from project 'AppFileManager')
    cd /Users/builder/clone
    write-file /Users/builder/clone/build/Build/Intermediates.noindex/AppFileManager.build/Release-iphoneos/AppFileManager.build/AppFileManager.DependencyMetadataFileList

WriteAuxiliaryFile /Users/builder/clone/build/Build/Intermediates.noindex/AppFileManager.build/Release-iphoneos/AppFileManager.build/AppFileManager-project-headers.hmap (in target 'AppFileManager' from project 'AppFileManager')
    cd /Users/builder/clone
    write-file /Users/builder/clone/build/Build/Intermediates.noindex/AppFileManager.build/Release-iphoneos/AppFileManager.build/AppFileManager-project-headers.hmap

WriteAuxiliaryFile /Users/builder/clone/build/Build/Intermediates.noindex/AppFileManager.build/Release-iphoneos/AppFileManager.build/AppFileManager-own-target-headers.hmap (in target 'AppFileManager' from project 'AppFileManager')
    cd /Users/builder/clone
    write-file /Users/builder/clone/build/Build/Intermediates.noindex/AppFileManager.build/Release-iphoneos/AppFileManager.build/AppFileManager-own-target-headers.hmap

WriteAuxiliaryFile /Users/builder/clone/build/Build/Intermediates.noindex/AppFileManager.build/Release-iphoneos/AppFileManager.build/AppFileManager-generated-files.hmap (in target 'AppFileManager' from project 'AppFileManager')
    cd /Users/builder/clone
    write-file /Users/builder/clone/build/Build/Intermediates.noindex/AppFileManager.build/Release-iphoneos/AppFileManager.build/AppFileManager-generated-files.hmap

WriteAuxiliaryFile /Users/builder/clone/build/Build/Intermediates.noindex/AppFileManager.build/Release-iphoneos/AppFileManager.build/AppFileManager-all-target-headers.hmap (in target 'AppFileManager' from project 'AppFileManager')
    cd /Users/builder/clone
    write-file /Users/builder/clone/build/Build/Intermediates.noindex/AppFileManager.build/Release-iphoneos/AppFileManager.build/AppFileManager-all-target-headers.hmap

WriteAuxiliaryFile /Users/builder/clone/build/Build/Intermediates.noindex/AppFileManager.build/Release-iphoneos/AppFileManager.build/AppFileManager-all-non-framework-target-headers.hmap (in target 'AppFileManager' from project 'AppFileManager')
    cd /Users/builder/clone
    write-file /Users/builder/clone/build/Build/Intermediates.noindex/AppFileManager.build/Release-iphoneos/AppFileManager.build/AppFileManager-all-non-framework-target-headers.hmap

MkDir /Users/builder/clone/build/Build/Products/Release-iphoneos/AppFileManager.app (in target 'AppFileManager' from project 'AppFileManager')
    cd /Users/builder/clone
    /bin/mkdir -p /Users/builder/clone/build/Build/Products/Release-iphoneos/AppFileManager.app

ProcessInfoPlistFile /Users/builder/clone/build/Build/Products/Release-iphoneos/AppFileManager.app/Info.plist /Users/builder/clone/Resources/AppFileManager-Info.plist (in target 'AppFileManager' from project 'AppFileManager')
    cd /Users/builder/clone
    builtin-infoPlistUtility /Users/builder/clone/Resources/AppFileManager-Info.plist -producttype com.apple.product-type.application -genpkginfo /Users/builder/clone/build/Build/Products/Release-iphoneos/AppFileManager.app/PkgInfo -expandbuildsettings -format binary -platform iphoneos -requiredArchitecture arm64 -o /Users/builder/clone/build/Build/Products/Release-iphoneos/AppFileManager.app/Info.plist

SwiftDriver AppFileManager normal arm64 com.apple.xcode.tools.swift.compiler (in target 'AppFileManager' from project 'AppFileManager')
    cd /Users/builder/clone
    builtin-SwiftDriver -- /Applications/Xcode-26.4.app/Contents/Developer/Toolchains/XcodeDefault.xctoolchain/usr/bin/swiftc -module-name AppFileManager -O -whole-module-optimization @/Users/builder/clone/build/Build/Intermediates.noindex/AppFileManager.build/Release-iphoneos/AppFileManager.build/Objects-normal/arm64/AppFileManager.SwiftFileList -enable-bare-slash-regex -enable-experimental-feature DebugDescriptionMacro -sdk /Applications/Xcode-26.4.app/Contents/Developer/Platforms/iPhoneOS.platform/Developer/SDKs/iPhoneOS26.4.sdk -target arm64-apple-ios17.0 -g -module-cache-path /Users/builder/clone/build/ModuleCache.noindex -Xfrontend -serialize-debugging-options -swift-version 5 -I /Users/builder/clone/build/Build/Products/Release-iphoneos -F /Users/builder/clone/build/Build/Products/Release-iphoneos -emit-localized-strings -emit-localized-strings-path /Users/builder/clone/build/Build/Intermediates.noindex/AppFileManager.build/Release-iphoneos/AppFileManager.build/Objects-normal/arm64 -c -num-threads 8 -Xcc -ivfsstatcache -Xcc /Users/builder/clone/build/SDKStatCaches.noindex/iphoneos26.4-23E252-dc38477e7e47e42951976ad86cc01fb3.sdkstatcache -output-file-map /Users/builder/clone/build/Build/Intermediates.noindex/AppFileManager.build/Release-iphoneos/AppFileManager.build/Objects-normal/arm64/AppFileManager-OutputFileMap.json -use-frontend-parseable-output -save-temps -no-color-diagnostics -explicit-module-build -module-cache-path /Users/builder/clone/build/Build/Intermediates.noindex/SwiftExplicitPrecompiledModules -clang-scanner-module-cache-path /Users/builder/clone/build/ModuleCache.noindex -sdk-module-cache-path /Users/builder/clone/build/ModuleCache.noindex -serialize-diagnostics -emit-dependencies -emit-module -emit-module-path /Users/builder/clone/build/Build/Intermediates.noindex/AppFileManager.build/Release-iphoneos/AppFileManager.build/Objects-normal/arm64/AppFileManager.swiftmodule -validate-clang-modules-once -clang-build-session-file /Users/builder/clone/build/ModuleCache.noindex/Session.modulevalidation -Xcc -I/Users/builder/clone/build/Build/Intermediates.noindex/AppFileManager.build/Release-iphoneos/AppFileManager.build/swift-overrides.hmap -emit-const-values -Xfrontend -const-gather-protocols-file -Xfrontend /Users/builder/clone/build/Build/Intermediates.noindex/AppFileManager.build/Release-iphoneos/AppFileManager.build/Objects-normal/arm64/AppFileManager_const_extract_protocols.json -Xcc -iquote -Xcc /Users/builder/clone/build/Build/Intermediates.noindex/AppFileManager.build/Release-iphoneos/AppFileManager.build/AppFileManager-generated-files.hmap -Xcc -I/Users/builder/clone/build/Build/Intermediates.noindex/AppFileManager.build/Release-iphoneos/AppFileManager.build/AppFileManager-own-target-headers.hmap -Xcc -I/Users/builder/clone/build/Build/Intermediates.noindex/AppFileManager.build/Release-iphoneos/AppFileManager.build/AppFileManager-all-target-headers.hmap -Xcc -iquote -Xcc /Users/builder/clone/build/Build/Intermediates.noindex/AppFileManager.build/Release-iphoneos/AppFileManager.build/AppFileManager-project-headers.hmap -Xcc -I/Users/builder/clone/build/Build/Products/Release-iphoneos/include -Xcc -I/Users/builder/clone/Sources/idevice -Xcc -I/Users/builder/clone/build/Build/Intermediates.noindex/AppFileManager.build/Release-iphoneos/AppFileManager.build/DerivedSources-normal/arm64 -Xcc -I/Users/builder/clone/build/Build/Intermediates.noindex/AppFileManager.build/Release-iphoneos/AppFileManager.build/DerivedSources/arm64 -Xcc -I/Users/builder/clone/build/Build/Intermediates.noindex/AppFileManager.build/Release-iphoneos/AppFileManager.build/DerivedSources -emit-objc-header -emit-objc-header-path /Users/builder/clone/build/Build/Intermediates.noindex/AppFileManager.build/Release-iphoneos/AppFileManager.build/Objects-normal/arm64/AppFileManager-Swift.h -import-objc-header /Users/builder/clone/Resources/AppFileManager-Bridging-Header.h -working-directory /Users/builder/clone -no-emit-module-separately-wmo

SwiftDriver\ Compilation AppFileManager normal arm64 com.apple.xcode.tools.swift.compiler (in target 'AppFileManager' from project 'AppFileManager')
    cd /Users/builder/clone
    builtin-Swift-Compilation -- /Applications/Xcode-26.4.app/Contents/Developer/Toolchains/XcodeDefault.xctoolchain/usr/bin/swiftc -module-name AppFileManager -O -whole-module-optimization @/Users/builder/clone/build/Build/Intermediates.noindex/AppFileManager.build/Release-iphoneos/AppFileManager.build/Objects-normal/arm64/AppFileManager.SwiftFileList -enable-bare-slash-regex -enable-experimental-feature DebugDescriptionMacro -sdk /Applications/Xcode-26.4.app/Contents/Developer/Platforms/iPhoneOS.platform/Developer/SDKs/iPhoneOS26.4.sdk -target arm64-apple-ios17.0 -g -module-cache-path /Users/builder/clone/build/ModuleCache.noindex -Xfrontend -serialize-debugging-options -swift-version 5 -I /Users/builder/clone/build/Build/Products/Release-iphoneos -F /Users/builder/clone/build/Build/Products/Release-iphoneos -emit-localized-strings -emit-localized-strings-path /Users/builder/clone/build/Build/Intermediates.noindex/AppFileManager.build/Release-iphoneos/AppFileManager.build/Objects-normal/arm64 -c -num-threads 8 -Xcc -ivfsstatcache -Xcc /Users/builder/clone/build/SDKStatCaches.noindex/iphoneos26.4-23E252-dc38477e7e47e42951976ad86cc01fb3.sdkstatcache -output-file-map /Users/builder/clone/build/Build/Intermediates.noindex/AppFileManager.build/Release-iphoneos/AppFileManager.build/Objects-normal/arm64/AppFileManager-OutputFileMap.json -use-frontend-parseable-output -save-temps -no-color-diagnostics -explicit-module-build -module-cache-path /Users/builder/clone/build/Build/Intermediates.noindex/SwiftExplicitPrecompiledModules -clang-scanner-module-cache-path /Users/builder/clone/build/ModuleCache.noindex -sdk-module-cache-path /Users/builder/clone/build/ModuleCache.noindex -serialize-diagnostics -emit-dependencies -emit-module -emit-module-path /Users/builder/clone/build/Build/Intermediates.noindex/AppFileManager.build/Release-iphoneos/AppFileManager.build/Objects-normal/arm64/AppFileManager.swiftmodule -validate-clang-modules-once -clang-build-session-file /Users/builder/clone/build/ModuleCache.noindex/Session.modulevalidation -Xcc -I/Users/builder/clone/build/Build/Intermediates.noindex/AppFileManager.build/Release-iphoneos/AppFileManager.build/swift-overrides.hmap -emit-const-values -Xfrontend -const-gather-protocols-file -Xfrontend /Users/builder/clone/build/Build/Intermediates.noindex/AppFileManager.build/Release-iphoneos/AppFileManager.build/Objects-normal/arm64/AppFileManager_const_extract_protocols.json -Xcc -iquote -Xcc /Users/builder/clone/build/Build/Intermediates.noindex/AppFileManager.build/Release-iphoneos/AppFileManager.build/AppFileManager-generated-files.hmap -Xcc -I/Users/builder/clone/build/Build/Intermediates.noindex/AppFileManager.build/Release-iphoneos/AppFileManager.build/AppFileManager-own-target-headers.hmap -Xcc -I/Users/builder/clone/build/Build/Intermediates.noindex/AppFileManager.build/Release-iphoneos/AppFileManager.build/AppFileManager-all-target-headers.hmap -Xcc -iquote -Xcc /Users/builder/clone/build/Build/Intermediates.noindex/AppFileManager.build/Release-iphoneos/AppFileManager.build/AppFileManager-project-headers.hmap -Xcc -I/Users/builder/clone/build/Build/Products/Release-iphoneos/include -Xcc -I/Users/builder/clone/Sources/idevice -Xcc -I/Users/builder/clone/build/Build/Intermediates.noindex/AppFileManager.build/Release-iphoneos/AppFileManager.build/DerivedSources-normal/arm64 -Xcc -I/Users/builder/clone/build/Build/Intermediates.noindex/AppFileManager.build/Release-iphoneos/AppFileManager.build/DerivedSources/arm64 -Xcc -I/Users/builder/clone/build/Build/Intermediates.noindex/AppFileManager.build/Release-iphoneos/AppFileManager.build/DerivedSources -emit-objc-header -emit-objc-header-path /Users/builder/clone/build/Build/Intermediates.noindex/AppFileManager.build/Release-iphoneos/AppFileManager.build/Objects-normal/arm64/AppFileManager-Swift.h -import-objc-header /Users/builder/clone/Resources/AppFileManager-Bridging-Header.h -working-directory /Users/builder/clone -no-emit-module-separately-wmo

SwiftExplicitDependencyGeneratePcm arm64 /Users/builder/clone/build/ModuleCache.noindex/ptrcheck-ALS7L3FV5HXLK0BLDC7I3RIVZ.pcm

SwiftExplicitDependencyGeneratePcm arm64 /Users/builder/clone/build/ModuleCache.noindex/_Builtin_stddef-DZOYH08XJL48D3SI5OAFKIBD6.pcm

SwiftExplicitDependencyGeneratePcm arm64 /Users/builder/clone/build/ModuleCache.noindex/_Builtin_stdarg-BFPOVNKDFDT2T6QKIKBU5F3UQ.pcm

SwiftExplicitDependencyGeneratePcm arm64 /Users/builder/clone/build/ModuleCache.noindex/ptrauth-381XKFNKHZFQ8MMG7XEIEDXSZ.pcm

SwiftExplicitDependencyGeneratePcm arm64 /Users/builder/clone/build/ModuleCache.noindex/_Builtin_stdbool-BGHIGZN5QBYRNJP2V02D5RB3T.pcm

SwiftExplicitDependencyGeneratePcm arm64 /Users/builder/clone/build/ModuleCache.noindex/_AvailabilityInternal-6YQF6YMY3WUC42Z147LWRZF04.pcm

SwiftExplicitDependencyGeneratePcm arm64 /Users/builder/clone/build/ModuleCache.noindex/_Builtin_float-5HD41IS7616NBJZGMKV1K3RU8.pcm

SwiftExplicitDependencyGeneratePcm arm64 /Users/builder/clone/build/ModuleCache.noindex/_SwiftConcurrencyShims-1CGIADTMAR9UAJ8PF0DA2FPWN.pcm

SwiftExplicitDependencyGeneratePcm arm64 /Users/builder/clone/build/ModuleCache.noindex/SwiftShims-9A6D1XTK65AH5REXGEHF2IZJN.pcm

SwiftExplicitDependencyGeneratePcm arm64 /Users/builder/clone/build/ModuleCache.noindex/DeveloperToolsSupport-A34TLED098BULE2NP219XP4HY.pcm

SwiftExplicitDependencyGeneratePcm arm64 /Users/builder/clone/build/ModuleCache.noindex/_DarwinFoundation1-RSLCXWQWY475KUUBRR4O8K0D.pcm

SwiftExplicitDependencyGeneratePcm arm64 /Users/builder/clone/build/ModuleCache.noindex/_DarwinFoundation2-9LC7S8F14R735T9JYNL2NUU61.pcm

SwiftExplicitDependencyGeneratePcm arm64 /Users/builder/clone/build/ModuleCache.noindex/_Builtin_limits-41O7ZD24X1GELP00S5HSCBDI0.pcm

SwiftExplicitDependencyGeneratePcm arm64 /Users/builder/clone/build/ModuleCache.noindex/_Builtin_tgmath-21P82LQTX07N48TELLSWASFM5.pcm

SwiftExplicitDependencyGeneratePcm arm64 /Users/builder/clone/build/ModuleCache.noindex/sys_types-CDZ1K86JQDBGHI7E5D9G7YR14.pcm

SwiftExplicitDependencyGeneratePcm arm64 /Users/builder/clone/build/ModuleCache.noindex/_Builtin_stdint-3KF4BGNQDXLAJIOIRV9Y0OOJD.pcm

SwiftExplicitDependencyGeneratePcm arm64 /Users/builder/clone/build/ModuleCache.noindex/_Builtin_stdatomic-CUHEXJ28AOD5Z55UKPNKOCJ2V.pcm

SwiftExplicitDependencyGeneratePcm arm64 /Users/builder/clone/build/ModuleCache.noindex/_DarwinFoundation3-BWPW0TEFHLPXM2FWWX33WXWU7.pcm

SwiftExplicitDependencyGeneratePcm arm64 /Users/builder/clone/build/ModuleCache.noindex/_Builtin_intrinsics-3WQ16JLGCE2NTIEGOF3YLGDMO.pcm

SwiftExplicitDependencyGeneratePcm arm64 /Users/builder/clone/build/ModuleCache.noindex/_Builtin_inttypes-6KVMU9RCCJ7PDGXS2OWJXGL3V.pcm

SwiftExplicitDependencyGeneratePcm arm64 /Users/builder/clone/build/ModuleCache.noindex/Darwin-4ADV36AD603VZR4M0PP2S4F8T.pcm

SwiftExplicitDependencyGeneratePcm arm64 /Users/builder/clone/build/ModuleCache.noindex/simd-BXC0PGSJ1I7LH313WKBIPGUV.pcm

SwiftExplicitDependencyGeneratePcm arm64 /Users/builder/clone/build/ModuleCache.noindex/ObjectiveC-2PGWWUEE9F2OMI68C4Q9WNLWU.pcm

SwiftExplicitDependencyGeneratePcm arm64 /Users/builder/clone/build/ModuleCache.noindex/MachO-BTSF17XG9UYWSQG577WRXAUSH.pcm

SwiftExplicitDependencyGeneratePcm arm64 /Users/builder/clone/build/ModuleCache.noindex/os_object-9S6WUKAIU5V0N26EQIAX2M0SH.pcm

SwiftExplicitDependencyGeneratePcm arm64 /Users/builder/clone/build/ModuleCache.noindex/os_workgroup-C6BSTXQY5P24MEEIHCWQ5IDZ3.pcm

SwiftExplicitDependencyGeneratePcm arm64 /Users/builder/clone/build/ModuleCache.noindex/Spatial-BWLO1IJOGE361YMYM9R6PZBHK.pcm

SwiftExplicitDependencyGeneratePcm arm64 /Users/builder/clone/build/ModuleCache.noindex/Dispatch-V0IT8CNMGTC8VH9PKS4FDX5.pcm

SwiftExplicitDependencyGeneratePcm arm64 /Users/builder/clone/build/ModuleCache.noindex/XPC-60GLAJJW5ZS4DOO311541DMAG.pcm

SwiftExplicitDependencyGeneratePcm arm64 /Users/builder/clone/build/ModuleCache.noindex/CoreFoundation-A7IULIYJID28SY455XO9LRS58.pcm

SwiftExplicitDependencyGeneratePcm arm64 /Users/builder/clone/build/ModuleCache.noindex/os-E71G62SAVGQAD91YDTFK5D7IN.pcm

SwiftExplicitDependencyGeneratePcm arm64 /Users/builder/clone/build/ModuleCache.noindex/CoreGraphics-98CR3946JW7P4EXSMFAKUKFG9.pcm

SwiftExplicitDependencyGeneratePcm arm64 /Users/builder/clone/build/ModuleCache.noindex/CFNetwork-30R5TRJX8257ZDJ08Y02NG8CC.pcm

SwiftExplicitDependencyGeneratePcm arm64 /Users/builder/clone/build/ModuleCache.noindex/Security-AT5HCL946R466VWAMQ57CWQXQ.pcm

SwiftExplicitDependencyGeneratePcm arm64 /Users/builder/clone/build/ModuleCache.noindex/Foundation-EVJ5GPBA8EOORS8A04F3P2SBV.pcm

SwiftExplicitDependencyGeneratePcm arm64 /Users/builder/clone/build/ModuleCache.noindex/CoreText-BK53IK1QLJQ03WEW03MWC8GB1.pcm

SwiftExplicitDependencyGeneratePcm arm64 /Users/builder/clone/build/ModuleCache.noindex/ImageIO-EVQAB2GCVT28WIHZ1VK0FPFB.pcm

SwiftExplicitDependencyGeneratePcm arm64 /Users/builder/clone/build/ModuleCache.noindex/IOSurface-9L9OW4KZVKVC1EBQHHIZ7A2NO.pcm

SwiftExplicitDependencyGeneratePcm arm64 /Users/builder/clone/build/ModuleCache.noindex/Accessibility-2J7OWWCQ6BQBGOFQETIAP74OX.pcm

SwiftExplicitDependencyGeneratePcm arm64 /Users/builder/clone/build/ModuleCache.noindex/Symbols-204IY26W7MWBRUJ14O8M8V8X6.pcm

SwiftExplicitDependencyGeneratePcm arm64 /Users/builder/clone/build/ModuleCache.noindex/UserNotifications-BNYFZV4CIFL6C44G2SGM90XD3.pcm

SwiftExplicitDependencyGeneratePcm arm64 /Users/builder/clone/build/ModuleCache.noindex/DataDetection-B7BET286NVG0FB68Y1YOLVALR.pcm

SwiftExplicitDependencyGeneratePcm arm64 /Users/builder/clone/build/ModuleCache.noindex/CoreTransferable-CDLA2LA9GGMI1JR3O85AD9AON.pcm

SwiftExplicitDependencyGeneratePcm arm64 /Users/builder/clone/build/ModuleCache.noindex/FileProvider-76GDPUN5KDSP5PCKZKOFWY6P7.pcm

SwiftExplicitDependencyGeneratePcm arm64 /Users/builder/clone/build/ModuleCache.noindex/UniformTypeIdentifiers-AUAOV0AW8PSAZEHAQM8HDL8RT.pcm

SwiftExplicitDependencyGeneratePcm arm64 /Users/builder/clone/build/ModuleCache.noindex/OSLog-2NQ61MS1QIY837HTAVJV223EW.pcm

SwiftExplicitDependencyGeneratePcm arm64 /Users/builder/clone/build/ModuleCache.noindex/UIUtilities-C3DQ83BM0MAXRLB4M4GB75P9Z.pcm

SwiftExplicitDependencyGeneratePcm arm64 /Users/builder/clone/build/ModuleCache.noindex/CoreData-1Q4DY6UO10D4EHPS520CO39OE.pcm

SwiftExplicitDependencyGeneratePcm arm64 /Users/builder/clone/build/ModuleCache.noindex/OpenGLES-72RA1TWUX4POYIONMLQX5CP9S.pcm

SwiftExplicitDependencyGeneratePcm arm64 /Users/builder/clone/build/ModuleCache.noindex/Metal-C6HLMMJ44PT5A4RYEYWT9055C.pcm

SwiftExplicitDependencyGeneratePcm arm64 /Users/builder/clone/build/ModuleCache.noindex/CoreVideo-9FDMY5YNXQG30O3K1JVX8UY5Z.pcm

SwiftExplicitDependencyGeneratePcm arm64 /Users/builder/clone/build/ModuleCache.noindex/CoreImage-NBV3D8GQ1QBXMJQHVP5A4PEW.pcm

SwiftExplicitDependencyGeneratePcm arm64 /Users/builder/clone/build/ModuleCache.noindex/QuartzCore-4WIW1JJLK8IIZEN63WK7SJPVW.pcm

SwiftExplicitDependencyGeneratePcm arm64 /Users/builder/clone/build/ModuleCache.noindex/SwiftUICore-3TSXSW4QEOWZ2JBTM7X67DSRH.pcm

SwiftExplicitDependencyGeneratePcm arm64 /Users/builder/clone/build/ModuleCache.noindex/UIKit-AZUFHOVDDXTAI1S23LKLOWSMO.pcm

SwiftExplicitDependencyGeneratePcm arm64 /Users/builder/clone/build/ModuleCache.noindex/SwiftUI-AQ7SVZMAN3J2P2QGQGGKI8ZN.pcm

SwiftGeneratePch normal arm64 Compiling\ bridging\ header (in target 'AppFileManager' from project 'AppFileManager')
/Users/builder/clone/Resources/AppFileManager-Bridging-Header.h:17:9: note: in file included from /Users/builder/clone/Resources/AppFileManager-Bridging-Header.h:17:
15 | 
16 | // Profile management
17 | #import "profiles.h"
   |         `- note: in file included from /Users/builder/clone/Resources/AppFileManager-Bridging-Header.h:17:
18 | 
19 | // JITEnableContext - main context for device operations

/Users/builder/clone/Sources/idevice/profiles.h:18:10: warning: pointer is missing a nullability type specifier (_Nonnull, _Nullable, or _Null_unspecified)
16 | @interface CMSDecoderHelper : NSObject
17 | // Decode CMS/PKCS7 data and return decoded payload and any embedded certs
18 | + (NSData*)decodeCMSData:(NSData *)cmsData
   |          |- warning: pointer is missing a nullability type specifier (_Nonnull, _Nullable, or _Null_unspecified)
   |          |- note: insert '_Nullable' if the pointer may be null
   |          `- note: insert '_Nonnull' if the pointer should never be null
19 | //             outCerts:(NSArray<id> * _Nullable * _Nullable)outCerts
20 |                  error:(NSError * _Nullable * _Nullable)error;

/Users/builder/clone/Resources/AppFileManager-Bridging-Header.h:17:9: note: in file included from /Users/builder/clone/Resources/AppFileManager-Bridging-Header.h:17:
15 | 
16 | // Profile management
17 | #import "profiles.h"
   |         `- note: in file included from /Users/builder/clone/Resources/AppFileManager-Bridging-Header.h:17:
18 | 
19 | // JITEnableContext - main context for device operations

/Users/builder/clone/Sources/idevice/profiles.h:18:34: warning: pointer is missing a nullability type specifier (_Nonnull, _Nullable, or _Null_unspecified)
16 | @interface CMSDecoderHelper : NSObject
17 | // Decode CMS/PKCS7 data and return decoded payload and any embedded certs
18 | + (NSData*)decodeCMSData:(NSData *)cmsData
   |                                  |- warning: pointer is missing a nullability type specifier (_Nonnull, _Nullable, or _Null_unspecified)
   |                                  |- note: insert '_Nullable' if the pointer may be null
   |                                  `- note: insert '_Nonnull' if the pointer should never be null
19 | //             outCerts:(NSArray<id> * _Nullable * _Nullable)outCerts
20 |                  error:(NSError * _Nullable * _Nullable)error;

/Users/builder/clone/Resources/AppFileManager-Bridging-Header.h:20:9: note: in file included from /Users/builder/clone/Resources/AppFileManager-Bridging-Header.h:20:
18 | 
19 | // JITEnableContext - main context for device operations
20 | #import "JITEnableContext.h"
   |         `- note: in file included from /Users/builder/clone/Resources/AppFileManager-Bridging-Header.h:20:
21 | #import "JITEnableContextInternal.h"
22 | 

/Users/builder/clone/Sources/idevice/JITEnableContext.h:51:39: warning: pointer is missing a nullability type specifier (_Nonnull, _Nullable, or _Null_unspecified)
49 | 
50 | @interface JITEnableContext(JIT)
51 | - (BOOL)debugAppWithBundleID:(NSString*)bundleID logger:(LogFunc)logger jsCallback:(DebugAppCallback)jsCallback;
   |                                       |- warning: pointer is missing a nullability type specifier (_Nonnull, _Nullable, or _Null_unspecified)
   |                                       |- note: insert '_Nullable' if the pointer may be null
   |                                       `- note: insert '_Nonnull' if the pointer should never be null
52 | - (BOOL)debugAppWithPID:(int)pid logger:(LogFunc)logger jsCallback:(DebugAppCallback)jsCallback;
53 | - (BOOL)launchAppWithoutDebug:(NSString*)bundleID args:(NSArray<NSString *>*)args logger:(LogFunc)logger;

/Users/builder/clone/Resources/AppFileManager-Bridging-Header.h:20:9: note: in file included from /Users/builder/clone/Resources/AppFileManager-Bridging-Header.h:20:
18 | 
19 | // JITEnableContext - main context for device operations
20 | #import "JITEnableContext.h"
   |         `- note: in file included from /Users/builder/clone/Resources/AppFileManager-Bridging-Header.h:20:
21 | #import "JITEnableContextInternal.h"
22 | 

/Users/builder/clone/Sources/idevice/JITEnableContext.h:51:58: warning: block pointer is missing a nullability type specifier (_Nonnull, _Nullable, or _Null_unspecified)
49 | 
50 | @interface JITEnableContext(JIT)
51 | - (BOOL)debugAppWithBundleID:(NSString*)bundleID logger:(LogFunc)logger jsCallback:(DebugAppCallback)jsCallback;
   |                                                          |- warning: block pointer is missing a nullability type specifier (_Nonnull, _Nullable, or _Null_unspecified)
   |                                                          |- note: insert '_Nullable' if the block pointer may be null
   |                                                          `- note: insert '_Nonnull' if the block pointer should never be null
52 | - (BOOL)debugAppWithPID:(int)pid logger:(LogFunc)logger jsCallback:(DebugAppCallback)jsCallback;
53 | - (BOOL)launchAppWithoutDebug:(NSString*)bundleID args:(NSArray<NSString *>*)args logger:(LogFunc)logger;

/Users/builder/clone/Resources/AppFileManager-Bridging-Header.h:20:9: note: in file included from /Users/builder/clone/Resources/AppFileManager-Bridging-Header.h:20:
18 | 
19 | // JITEnableContext - main context for device operations
20 | #import "JITEnableContext.h"
   |         `- note: in file included from /Users/builder/clone/Resources/AppFileManager-Bridging-Header.h:20:
21 | #import "JITEnableContextInternal.h"
22 | 

/Users/builder/clone/Sources/idevice/JITEnableContext.h:51:85: warning: block pointer is missing a nullability type specifier (_Nonnull, _Nullable, or _Null_unspecified)
49 | 
50 | @interface JITEnableContext(JIT)
51 | - (BOOL)debugAppWithBundleID:(NSString*)bundleID logger:(LogFunc)logger jsCallback:(DebugAppCallback)jsCallback;
   |                                                                                     |- warning: block pointer is missing a nullability type specifier (_Nonnull, _Nullable, or _Null_unspecified)
   |                                                                                     |- note: insert '_Nullable' if the block pointer may be null
   |                                                                                     `- note: insert '_Nonnull' if the block pointer should never be null
52 | - (BOOL)debugAppWithPID:(int)pid logger:(LogFunc)logger jsCallback:(DebugAppCallback)jsCallback;
53 | - (BOOL)launchAppWithoutDebug:(NSString*)bundleID args:(NSArray<NSString *>*)args logger:(LogFunc)logger;

/Users/builder/clone/Resources/AppFileManager-Bridging-Header.h:20:9: note: in file included from /Users/builder/clone/Resources/AppFileManager-Bridging-Header.h:20:
18 | 
19 | // JITEnableContext - main context for device operations
20 | #import "JITEnableContext.h"
   |         `- note: in file included from /Users/builder/clone/Resources/AppFileManager-Bridging-Header.h:20:
21 | #import "JITEnableContextInternal.h"
22 | 

/Users/builder/clone/Sources/idevice/JITEnableContext.h:52:42: warning: block pointer is missing a nullability type specifier (_Nonnull, _Nullable, or _Null_unspecified)
50 | @interface JITEnableContext(JIT)
51 | - (BOOL)debugAppWithBundleID:(NSString*)bundleID logger:(LogFunc)logger jsCallback:(DebugAppCallback)jsCallback;
52 | - (BOOL)debugAppWithPID:(int)pid logger:(LogFunc)logger jsCallback:(DebugAppCallback)jsCallback;
   |                                          |- warning: block pointer is missing a nullability type specifier (_Nonnull, _Nullable, or _Null_unspecified)
   |                                          |- note: insert '_Nullable' if the block pointer may be null
   |                                          `- note: insert '_Nonnull' if the block pointer should never be null
53 | - (BOOL)launchAppWithoutDebug:(NSString*)bundleID args:(NSArray<NSString *>*)args logger:(LogFunc)logger;
54 | @end

/Users/builder/clone/Resources/AppFileManager-Bridging-Header.h:20:9: note: in file included from /Users/builder/clone/Resources/AppFileManager-Bridging-Header.h:20:
18 | 
19 | // JITEnableContext - main context for device operations
20 | #import "JITEnableContext.h"
   |         `- note: in file included from /Users/builder/clone/Resources/AppFileManager-Bridging-Header.h:20:
21 | #import "JITEnableContextInternal.h"
22 | 

/Users/builder/clone/Sources/idevice/JITEnableContext.h:52:69: warning: block pointer is missing a nullability type specifier (_Nonnull, _Nullable, or _Null_unspecified)
50 | @interface JITEnableContext(JIT)
51 | - (BOOL)debugAppWithBundleID:(NSString*)bundleID logger:(LogFunc)logger jsCallback:(DebugAppCallback)jsCallback;
52 | - (BOOL)debugAppWithPID:(int)pid logger:(LogFunc)logger jsCallback:(DebugAppCallback)jsCallback;
   |                                                                     |- warning: block pointer is missing a nullability type specifier (_Nonnull, _Nullable, or _Null_unspecified)
   |                                                                     |- note: insert '_Nullable' if the block pointer may be null
   |                                                                     `- note: insert '_Nonnull' if the block pointer should never be null
53 | - (BOOL)launchAppWithoutDebug:(NSString*)bundleID args:(NSArray<NSString *>*)args logger:(LogFunc)logger;
54 | @end

/Users/builder/clone/Resources/AppFileManager-Bridging-Header.h:20:9: note: in file included from /Users/builder/clone/Resources/AppFileManager-Bridging-Header.h:20:
18 | 
19 | // JITEnableContext - main context for device operations
20 | #import "JITEnableContext.h"
   |         `- note: in file included from /Users/builder/clone/Resources/AppFileManager-Bridging-Header.h:20:
21 | #import "JITEnableContextInternal.h"
22 | 

/Users/builder/clone/Sources/idevice/JITEnableContext.h:53:40: warning: pointer is missing a nullability type specifier (_Nonnull, _Nullable, or _Null_unspecified)
51 | - (BOOL)debugAppWithBundleID:(NSString*)bundleID logger:(LogFunc)logger jsCallback:(DebugAppCallback)jsCallback;
52 | - (BOOL)debugAppWithPID:(int)pid logger:(LogFunc)logger jsCallback:(DebugAppCallback)jsCallback;
53 | - (BOOL)launchAppWithoutDebug:(NSString*)bundleID args:(NSArray<NSString *>*)args logger:(LogFunc)logger;
   |                                        |- warning: pointer is missing a nullability type specifier (_Nonnull, _Nullable, or _Null_unspecified)
   |                                        |- note: insert '_Nullable' if the pointer may be null
   |                                        `- note: insert '_Nonnull' if the pointer should never be null
54 | @end
55 | 

/Users/builder/clone/Resources/AppFileManager-Bridging-Header.h:20:9: note: in file included from /Users/builder/clone/Resources/AppFileManager-Bridging-Header.h:20:
18 | 
19 | // JITEnableContext - main context for device operations
20 | #import "JITEnableContext.h"
   |         `- note: in file included from /Users/builder/clone/Resources/AppFileManager-Bridging-Header.h:20:
21 | #import "JITEnableContextInternal.h"
22 | 

/Users/builder/clone/Sources/idevice/JITEnableContext.h:53:76: warning: pointer is missing a nullability type specifier (_Nonnull, _Nullable, or _Null_unspecified)
51 | - (BOOL)debugAppWithBundleID:(NSString*)bundleID logger:(LogFunc)logger jsCallback:(DebugAppCallback)jsCallback;
52 | - (BOOL)debugAppWithPID:(int)pid logger:(LogFunc)logger jsCallback:(DebugAppCallback)jsCallback;
53 | - (BOOL)launchAppWithoutDebug:(NSString*)bundleID args:(NSArray<NSString *>*)args logger:(LogFunc)logger;
   |                                                                            |- warning: pointer is missing a nullability type specifier (_Nonnull, _Nullable, or _Null_unspecified)
   |                                                                            |- note: insert '_Nullable' if the pointer may be null
   |                                                                            `- note: insert '_Nonnull' if the pointer should never be null
54 | @end
55 | 

/Users/builder/clone/Resources/AppFileManager-Bridging-Header.h:20:9: note: in file included from /Users/builder/clone/Resources/AppFileManager-Bridging-Header.h:20:
18 | 
19 | // JITEnableContext - main context for device operations
20 | #import "JITEnableContext.h"
   |         `- note: in file included from /Users/builder/clone/Resources/AppFileManager-Bridging-Header.h:20:
21 | #import "JITEnableContextInternal.h"
22 | 

/Users/builder/clone/Sources/idevice/JITEnableContext.h:53:91: warning: block pointer is missing a nullability type specifier (_Nonnull, _Nullable, or _Null_unspecified)
51 | - (BOOL)debugAppWithBundleID:(NSString*)bundleID logger:(LogFunc)logger jsCallback:(DebugAppCallback)jsCallback;
52 | - (BOOL)debugAppWithPID:(int)pid logger:(LogFunc)logger jsCallback:(DebugAppCallback)jsCallback;
53 | - (BOOL)launchAppWithoutDebug:(NSString*)bundleID args:(NSArray<NSString *>*)args logger:(LogFunc)logger;
   |                                                                                           |- warning: block pointer is missing a nullability type specifier (_Nonnull, _Nullable, or _Null_unspecified)
   |                                                                                           |- note: insert '_Nullable' if the block pointer may be null
   |                                                                                           `- note: insert '_Nonnull' if the block pointer should never be null
54 | @end
55 | 

/Users/builder/clone/Resources/AppFileManager-Bridging-Header.h:20:9: note: in file included from /Users/builder/clone/Resources/AppFileManager-Bridging-Header.h:20:
18 | 
19 | // JITEnableContext - main context for device operations
20 | #import "JITEnableContext.h"
   |         `- note: in file included from /Users/builder/clone/Resources/AppFileManager-Bridging-Header.h:20:
21 | #import "JITEnableContextInternal.h"
22 | 

/Users/builder/clone/Sources/idevice/JITEnableContext.h:57:45: warning: pointer is missing a nullability type specifier (_Nonnull, _Nullable, or _Null_unspecified)
55 | 
56 | @interface JITEnableContext(DDI)
57 | - (NSUInteger)getMountedDeviceCount:(NSError**)error __attribute__((swift_error(zero_result)));
   |                                             |- warning: pointer is missing a nullability type specifier (_Nonnull, _Nullable, or _Null_unspecified)
   |                                             |- note: insert '_Nullable' if the pointer may be null
   |                                             `- note: insert '_Nonnull' if the pointer should never be null
58 | - (NSInteger)mountPersonalDDIWithImagePath:(NSString*)imagePath trustcachePath:(NSString*)trustcachePath manifestPath:(NSString*)manifestPath error:(NSError**)error __attribute__((swift_error(nonzero_result)));
59 | @end

/Users/builder/clone/Resources/AppFileManager-Bridging-Header.h:20:9: note: in file included from /Users/builder/clone/Resources/AppFileManager-Bridging-Header.h:20:
18 | 
19 | // JITEnableContext - main context for device operations
20 | #import "JITEnableContext.h"
   |         `- note: in file included from /Users/builder/clone/Resources/AppFileManager-Bridging-Header.h:20:
21 | #import "JITEnableContextInternal.h"
22 | 

/Users/builder/clone/Sources/idevice/JITEnableContext.h:57:46: warning: pointer is missing a nullability type specifier (_Nonnull, _Nullable, or _Null_unspecified)
55 | 
56 | @interface JITEnableContext(DDI)
57 | - (NSUInteger)getMountedDeviceCount:(NSError**)error __attribute__((swift_error(zero_result)));
   |                                              |- warning: pointer is missing a nullability type specifier (_Nonnull, _Nullable, or _Null_unspecified)
   |                                              |- note: insert '_Nullable' if the pointer may be null
   |                                              `- note: insert '_Nonnull' if the pointer should never be null
58 | - (NSInteger)mountPersonalDDIWithImagePath:(NSString*)imagePath trustcachePath:(NSString*)trustcachePath manifestPath:(NSString*)manifestPath error:(NSError**)error __attribute__((swift_error(nonzero_result)));
59 | @end

/Users/builder/clone/Resources/AppFileManager-Bridging-Header.h:20:9: note: in file included from /Users/builder/clone/Resources/AppFileManager-Bridging-Header.h:20:
18 | 
19 | // JITEnableContext - main context for device operations
20 | #import "JITEnableContext.h"
   |         `- note: in file included from /Users/builder/clone/Resources/AppFileManager-Bridging-Header.h:20:
21 | #import "JITEnableContextInternal.h"
22 | 

/Users/builder/clone/Sources/idevice/JITEnableContext.h:58:53: warning: pointer is missing a nullability type specifier (_Nonnull, _Nullable, or _Null_unspecified)
56 | @interface JITEnableContext(DDI)
57 | - (NSUInteger)getMountedDeviceCount:(NSError**)error __attribute__((swift_error(zero_result)));
58 | - (NSInteger)mountPersonalDDIWithImagePath:(NSString*)imagePath trustcachePath:(NSString*)trustcachePath manifestPath:(NSString*)manifestPath error:(NSError**)error __attribute__((swift_error(nonzero_result)));
   |                                                     |- warning: pointer is missing a nullability type specifier (_Nonnull, _Nullable, or _Null_unspecified)
   |                                                     |- note: insert '_Nullable' if the pointer may be null
   |                                                     `- note: insert '_Nonnull' if the pointer should never be null
59 | @end
60 | 

/Users/builder/clone/Resources/AppFileManager-Bridging-Header.h:20:9: note: in file included from /Users/builder/clone/Resources/AppFileManager-Bridging-Header.h:20:
18 | 
19 | // JITEnableContext - main context for device operations
20 | #import "JITEnableContext.h"
   |         `- note: in file included from /Users/builder/clone/Resources/AppFileManager-Bridging-Header.h:20:
21 | #import "JITEnableContextInternal.h"
22 | 

/Users/builder/clone/Sources/idevice/JITEnableContext.h:58:89: warning: pointer is missing a nullability type specifier (_Nonnull, _Nullable, or _Null_unspecified)
56 | @interface JITEnableContext(DDI)
57 | - (NSUInteger)getMountedDeviceCount:(NSError**)error __attribute__((swift_error(zero_result)));
58 | - (NSInteger)mountPersonalDDIWithImagePath:(NSString*)imagePath trustcachePath:(NSString*)trustcachePath manifestPath:(NSString*)manifestPath error:(NSError**)error __attribute__((swift_error(nonzero_result)));
   |                                                                                         |- warning: pointer is missing a nullability type specifier (_Nonnull, _Nullable, or _Null_unspecified)
   |                                                                                         |- note: insert '_Nullable' if the pointer may be null
   |                                                                                         `- note: insert '_Nonnull' if the pointer should never be null
59 | @end
60 | 

/Users/builder/clone/Resources/AppFileManager-Bridging-Header.h:20:9: note: in file included from /Users/builder/clone/Resources/AppFileManager-Bridging-Header.h:20:
18 | 
19 | // JITEnableContext - main context for device operations
20 | #import "JITEnableContext.h"
   |         `- note: in file included from /Users/builder/clone/Resources/AppFileManager-Bridging-Header.h:20:
21 | #import "JITEnableContextInternal.h"
22 | 

/Users/builder/clone/Sources/idevice/JITEnableContext.h:58:128: warning: pointer is missing a nullability type specifier (_Nonnull, _Nullable, or _Null_unspecified)
56 | @interface JITEnableContext(DDI)
57 | - (NSUInteger)getMountedDeviceCount:(NSError**)error __attribute__((swift_error(zero_result)));
58 | - (NSInteger)mountPersonalDDIWithImagePath:(NSString*)imagePath trustcachePath:(NSString*)trustcachePath manifestPath:(NSString*)manifestPath error:(NSError**)error __attribute__((swift_error(nonzero_result)));
   |                                                                                                                                |- warning: pointer is missing a nullability type specifier (_Nonnull, _Nullable, or _Null_unspecified)
   |                                                                                                                                |- note: insert '_Nullable' if the pointer may be null
   |                                                                                                                                `- note: insert '_Nonnull' if the pointer should never be null
59 | @end
60 | 

/Users/builder/clone/Resources/AppFileManager-Bridging-Header.h:20:9: note: in file included from /Users/builder/clone/Resources/AppFileManager-Bridging-Header.h:20:
18 | 
19 | // JITEnableContext - main context for device operations
20 | #import "JITEnableContext.h"
   |         `- note: in file included from /Users/builder/clone/Resources/AppFileManager-Bridging-Header.h:20:
21 | #import "JITEnableContextInternal.h"
22 | 

/Users/builder/clone/Sources/idevice/JITEnableContext.h:58:157: warning: pointer is missing a nullability type specifier (_Nonnull, _Nullable, or _Null_unspecified)
56 | @interface JITEnableContext(DDI)
57 | - (NSUInteger)getMountedDeviceCount:(NSError**)error __attribute__((swift_error(zero_result)));
58 | - (NSInteger)mountPersonalDDIWithImagePath:(NSString*)imagePath trustcachePath:(NSString*)trustcachePath manifestPath:(NSString*)manifestPath error:(NSError**)error __attribute__((swift_error(nonzero_result)));
   |                                                                                                                                                             |- warning: pointer is missing a nullability type specifier (_Nonnull, _Nullable, or _Null_unspecified)
   |                                                                                                                                                             |- note: insert '_Nullable' if the pointer may be null
   |                                                                                                                                                             `- note: insert '_Nonnull' if the pointer should never be null
59 | @end
60 | 

/Users/builder/clone/Resources/AppFileManager-Bridging-Header.h:20:9: note: in file included from /Users/builder/clone/Resources/AppFileManager-Bridging-Header.h:20:
18 | 
19 | // JITEnableContext - main context for device operations
20 | #import "JITEnableContext.h"
   |         `- note: in file included from /Users/builder/clone/Resources/AppFileManager-Bridging-Header.h:20:
21 | #import "JITEnableContextInternal.h"
22 | 

/Users/builder/clone/Sources/idevice/JITEnableContext.h:58:158: warning: pointer is missing a nullability type specifier (_Nonnull, _Nullable, or _Null_unspecified)
56 | @interface JITEnableContext(DDI)
57 | - (NSUInteger)getMountedDeviceCount:(NSError**)error __attribute__((swift_error(zero_result)));
58 | - (NSInteger)mountPersonalDDIWithImagePath:(NSString*)imagePath trustcachePath:(NSString*)trustcachePath manifestPath:(NSString*)manifestPath error:(NSError**)error __attribute__((swift_error(nonzero_result)));
   |                                                                                                                                                              |- warning: pointer is missing a nullability type specifier (_Nonnull, _Nullable, or _Null_unspecified)
   |                                                                                                                                                              |- note: insert '_Nullable' if the pointer may be null
   |                                                                                                                                                              `- note: insert '_Nonnull' if the pointer should never be null
59 | @end
60 | 

/Users/builder/clone/Resources/AppFileManager-Bridging-Header.h:20:9: note: in file included from /Users/builder/clone/Resources/AppFileManager-Bridging-Header.h:20:
18 | 
19 | // JITEnableContext - main context for device operations
20 | #import "JITEnableContext.h"
   |         `- note: in file included from /Users/builder/clone/Resources/AppFileManager-Bridging-Header.h:20:
21 | #import "JITEnableContextInternal.h"
22 | 

/Users/builder/clone/Sources/idevice/JITEnableContext.h:62:20: warning: pointer is missing a nullability type specifier (_Nonnull, _Nullable, or _Null_unspecified)
60 | 
61 | @interface JITEnableContext(Profile)
62 | - (NSArray<NSData*>*)fetchAllProfiles:(NSError **)error;
   |                    |- warning: pointer is missing a nullability type specifier (_Nonnull, _Nullable, or _Null_unspecified)
   |                    |- note: insert '_Nullable' if the pointer may be null
   |                    `- note: insert '_Nonnull' if the pointer should never be null
63 | - (BOOL)removeProfileWithUUID:(NSString*)uuid error:(NSError **)error;
64 | - (BOOL)addProfile:(NSData*)profile error:(NSError **)error;

/Users/builder/clone/Resources/AppFileManager-Bridging-Header.h:20:9: note: in file included from /Users/builder/clone/Resources/AppFileManager-Bridging-Header.h:20:
18 | 
19 | // JITEnableContext - main context for device operations
20 | #import "JITEnableContext.h"
   |         `- note: in file included from /Users/builder/clone/Resources/AppFileManager-Bridging-Header.h:20:
21 | #import "JITEnableContextInternal.h"
22 | 

/Users/builder/clone/Sources/idevice/JITEnableContext.h:62:48: warning: pointer is missing a nullability type specifier (_Nonnull, _Nullable, or _Null_unspecified)
60 | 
61 | @interface JITEnableContext(Profile)
62 | - (NSArray<NSData*>*)fetchAllProfiles:(NSError **)error;
   |                                                |- warning: pointer is missing a nullability type specifier (_Nonnull, _Nullable, or _Null_unspecified)
   |                                                |- note: insert '_Nullable' if the pointer may be null
   |                                                `- note: insert '_Nonnull' if the pointer should never be null
63 | - (BOOL)removeProfileWithUUID:(NSString*)uuid error:(NSError **)error;
64 | - (BOOL)addProfile:(NSData*)profile error:(NSError **)error;

/Users/builder/clone/Resources/AppFileManager-Bridging-Header.h:20:9: note: in file included from /Users/builder/clone/Resources/AppFileManager-Bridging-Header.h:20:
18 | 
19 | // JITEnableContext - main context for device operations
20 | #import "JITEnableContext.h"
   |         `- note: in file included from /Users/builder/clone/Resources/AppFileManager-Bridging-Header.h:20:
21 | #import "JITEnableContextInternal.h"
22 | 

/Users/builder/clone/Sources/idevice/JITEnableContext.h:62:49: warning: pointer is missing a nullability type specifier (_Nonnull, _Nullable, or _Null_unspecified)
60 | 
61 | @interface JITEnableContext(Profile)
62 | - (NSArray<NSData*>*)fetchAllProfiles:(NSError **)error;
   |                                                 |- warning: pointer is missing a nullability type specifier (_Nonnull, _Nullable, or _Null_unspecified)
   |                                                 |- note: insert '_Nullable' if the pointer may be null
   |                                                 `- note: insert '_Nonnull' if the pointer should never be null
63 | - (BOOL)removeProfileWithUUID:(NSString*)uuid error:(NSError **)error;
64 | - (BOOL)addProfile:(NSData*)profile error:(NSError **)error;

/Users/builder/clone/Resources/AppFileManager-Bridging-Header.h:20:9: note: in file included from /Users/builder/clone/Resources/AppFileManager-Bridging-Header.h:20:
18 | 
19 | // JITEnableContext - main context for device operations
20 | #import "JITEnableContext.h"
   |         `- note: in file included from /Users/builder/clone/Resources/AppFileManager-Bridging-Header.h:20:
21 | #import "JITEnableContextInternal.h"
22 | 

/Users/builder/clone/Sources/idevice/JITEnableContext.h:63:40: warning: pointer is missing a nullability type specifier (_Nonnull, _Nullable, or _Null_unspecified)
61 | @interface JITEnableContext(Profile)
62 | - (NSArray<NSData*>*)fetchAllProfiles:(NSError **)error;
63 | - (BOOL)removeProfileWithUUID:(NSString*)uuid error:(NSError **)error;
   |                                        |- warning: pointer is missing a nullability type specifier (_Nonnull, _Nullable, or _Null_unspecified)
   |                                        |- note: insert '_Nullable' if the pointer may be null
   |                                        `- note: insert '_Nonnull' if the pointer should never be null
64 | - (BOOL)addProfile:(NSData*)profile error:(NSError **)error;
65 | @end

/Users/builder/clone/Resources/AppFileManager-Bridging-Header.h:20:9: note: in file included from /Users/builder/clone/Resources/AppFileManager-Bridging-Header.h:20:
18 | 
19 | // JITEnableContext - main context for device operations
20 | #import "JITEnableContext.h"
   |         `- note: in file included from /Users/builder/clone/Resources/AppFileManager-Bridging-Header.h:20:
21 | #import "JITEnableContextInternal.h"
22 | 

/Users/builder/clone/Sources/idevice/JITEnableContext.h:63:62: warning: pointer is missing a nullability type specifier (_Nonnull, _Nullable, or _Null_unspecified)
61 | @interface JITEnableContext(Profile)
62 | - (NSArray<NSData*>*)fetchAllProfiles:(NSError **)error;
63 | - (BOOL)removeProfileWithUUID:(NSString*)uuid error:(NSError **)error;
   |                                                              |- warning: pointer is missing a nullability type specifier (_Nonnull, _Nullable, or _Null_unspecified)
   |                                                              |- note: insert '_Nullable' if the pointer may be null
   |                                                              `- note: insert '_Nonnull' if the pointer should never be null
64 | - (BOOL)addProfile:(NSData*)profile error:(NSError **)error;
65 | @end

/Users/builder/clone/Resources/AppFileManager-Bridging-Header.h:20:9: note: in file included from /Users/builder/clone/Resources/AppFileManager-Bridging-Header.h:20:
18 | 
19 | // JITEnableContext - main context for device operations
20 | #import "JITEnableContext.h"
   |         `- note: in file included from /Users/builder/clone/Resources/AppFileManager-Bridging-Header.h:20:
21 | #import "JITEnableContextInternal.h"
22 | 

/Users/builder/clone/Sources/idevice/JITEnableContext.h:63:63: warning: pointer is missing a nullability type specifier (_Nonnull, _Nullable, or _Null_unspecified)
61 | @interface JITEnableContext(Profile)
62 | - (NSArray<NSData*>*)fetchAllProfiles:(NSError **)error;
63 | - (BOOL)removeProfileWithUUID:(NSString*)uuid error:(NSError **)error;
   |                                                               |- warning: pointer is missing a nullability type specifier (_Nonnull, _Nullable, or _Null_unspecified)
   |                                                               |- note: insert '_Nullable' if the pointer may be null
   |                                                               `- note: insert '_Nonnull' if the pointer should never be null
64 | - (BOOL)addProfile:(NSData*)profile error:(NSError **)error;
65 | @end

/Users/builder/clone/Resources/AppFileManager-Bridging-Header.h:20:9: note: in file included from /Users/builder/clone/Resources/AppFileManager-Bridging-Header.h:20:
18 | 
19 | // JITEnableContext - main context for device operations
20 | #import "JITEnableContext.h"
   |         `- note: in file included from /Users/builder/clone/Resources/AppFileManager-Bridging-Header.h:20:
21 | #import "JITEnableContextInternal.h"
22 | 

/Users/builder/clone/Sources/idevice/JITEnableContext.h:64:27: warning: pointer is missing a nullability type specifier (_Nonnull, _Nullable, or _Null_unspecified)
62 | - (NSArray<NSData*>*)fetchAllProfiles:(NSError **)error;
63 | - (BOOL)removeProfileWithUUID:(NSString*)uuid error:(NSError **)error;
64 | - (BOOL)addProfile:(NSData*)profile error:(NSError **)error;
   |                           |- warning: pointer is missing a nullability type specifier (_Nonnull, _Nullable, or _Null_unspecified)
   |                           |- note: insert '_Nullable' if the pointer may be null
   |                           `- note: insert '_Nonnull' if the pointer should never be null
65 | @end
66 | 

/Users/builder/clone/Resources/AppFileManager-Bridging-Header.h:20:9: note: in file included from /Users/builder/clone/Resources/AppFileManager-Bridging-Header.h:20:
18 | 
19 | // JITEnableContext - main context for device operations
20 | #import "JITEnableContext.h"
   |         `- note: in file included from /Users/builder/clone/Resources/AppFileManager-Bridging-Header.h:20:
21 | #import "JITEnableContextInternal.h"
22 | 

/Users/builder/clone/Sources/idevice/JITEnableContext.h:64:52: warning: pointer is missing a nullability type specifier (_Nonnull, _Nullable, or _Null_unspecified)
62 | - (NSArray<NSData*>*)fetchAllProfiles:(NSError **)error;
63 | - (BOOL)removeProfileWithUUID:(NSString*)uuid error:(NSError **)error;
64 | - (BOOL)addProfile:(NSData*)profile error:(NSError **)error;
   |                                                    |- warning: pointer is missing a nullability type specifier (_Nonnull, _Nullable, or _Null_unspecified)
   |                                                    |- note: insert '_Nullable' if the pointer may be null
   |                                                    `- note: insert '_Nonnull' if the pointer should never be null
65 | @end
66 | 

/Users/builder/clone/Resources/AppFileManager-Bridging-Header.h:20:9: note: in file included from /Users/builder/clone/Resources/AppFileManager-Bridging-Header.h:20:
18 | 
19 | // JITEnableContext - main context for device operations
20 | #import "JITEnableContext.h"
   |         `- note: in file included from /Users/builder/clone/Resources/AppFileManager-Bridging-Header.h:20:
21 | #import "JITEnableContextInternal.h"
22 | 

/Users/builder/clone/Sources/idevice/JITEnableContext.h:64:53: warning: pointer is missing a nullability type specifier (_Nonnull, _Nullable, or _Null_unspecified)
62 | - (NSArray<NSData*>*)fetchAllProfiles:(NSError **)error;
63 | - (BOOL)removeProfileWithUUID:(NSString*)uuid error:(NSError **)error;
64 | - (BOOL)addProfile:(NSData*)profile error:(NSError **)error;
   |                                                     |- warning: pointer is missing a nullability type specifier (_Nonnull, _Nullable, or _Null_unspecified)
   |                                                     |- note: insert '_Nullable' if the pointer may be null
   |                                                     `- note: insert '_Nonnull' if the pointer should never be null
65 | @end
66 | 

/Users/builder/clone/Resources/AppFileManager-Bridging-Header.h:20:9: note: in file included from /Users/builder/clone/Resources/AppFileManager-Bridging-Header.h:20:
18 | 
19 | // JITEnableContext - main context for device operations
20 | #import "JITEnableContext.h"
   |         `- note: in file included from /Users/builder/clone/Resources/AppFileManager-Bridging-Header.h:20:
21 | #import "JITEnableContextInternal.h"
22 | 

/Users/builder/clone/Sources/idevice/JITEnableContext.h:68:26: warning: pointer is missing a nullability type specifier (_Nonnull, _Nullable, or _Null_unspecified)
66 | 
67 | @interface JITEnableContext(Process)
68 | - (NSArray<NSDictionary*>*)fetchProcessListWithError:(NSError**)error;
   |                          |- warning: pointer is missing a nullability type specifier (_Nonnull, _Nullable, or _Null_unspecified)
   |                          |- note: insert '_Nullable' if the pointer may be null
   |                          `- note: insert '_Nonnull' if the pointer should never be null
69 | - (BOOL)killProcessWithPID:(int)pid signal:(int)signal error:(NSError **)error;
70 | @end

/Users/builder/clone/Resources/AppFileManager-Bridging-Header.h:20:9: note: in file included from /Users/builder/clone/Resources/AppFileManager-Bridging-Header.h:20:
18 | 
19 | // JITEnableContext - main context for device operations
20 | #import "JITEnableContext.h"
   |         `- note: in file included from /Users/builder/clone/Resources/AppFileManager-Bridging-Header.h:20:
21 | #import "JITEnableContextInternal.h"
22 | 

/Users/builder/clone/Sources/idevice/JITEnableContext.h:68:62: warning: pointer is missing a nullability type specifier (_Nonnull, _Nullable, or _Null_unspecified)
66 | 
67 | @interface JITEnableContext(Process)
68 | - (NSArray<NSDictionary*>*)fetchProcessListWithError:(NSError**)error;
   |                                                              |- warning: pointer is missing a nullability type specifier (_Nonnull, _Nullable, or _Null_unspecified)
   |                                                              |- note: insert '_Nullable' if the pointer may be null
   |                                                              `- note: insert '_Nonnull' if the pointer should never be null
69 | - (BOOL)killProcessWithPID:(int)pid signal:(int)signal error:(NSError **)error;
70 | @end

/Users/builder/clone/Resources/AppFileManager-Bridging-Header.h:20:9: note: in file included from /Users/builder/clone/Resources/AppFileManager-Bridging-Header.h:20:
18 | 
19 | // JITEnableContext - main context for device operations
20 | #import "JITEnableContext.h"
   |         `- note: in file included from /Users/builder/clone/Resources/AppFileManager-Bridging-Header.h:20:
21 | #import "JITEnableContextInternal.h"
22 | 

/Users/builder/clone/Sources/idevice/JITEnableContext.h:68:63: warning: pointer is missing a nullability type specifier (_Nonnull, _Nullable, or _Null_unspecified)
66 | 
67 | @interface JITEnableContext(Process)
68 | - (NSArray<NSDictionary*>*)fetchProcessListWithError:(NSError**)error;
   |                                                               |- warning: pointer is missing a nullability type specifier (_Nonnull, _Nullable, or _Null_unspecified)
   |                                                               |- note: insert '_Nullable' if the pointer may be null
   |                                                               `- note: insert '_Nonnull' if the pointer should never be null
69 | - (BOOL)killProcessWithPID:(int)pid signal:(int)signal error:(NSError **)error;
70 | @end

/Users/builder/clone/Resources/AppFileManager-Bridging-Header.h:20:9: note: in file included from /Users/builder/clone/Resources/AppFileManager-Bridging-Header.h:20:
18 | 
19 | // JITEnableContext - main context for device operations
20 | #import "JITEnableContext.h"
   |         `- note: in file included from /Users/builder/clone/Resources/AppFileManager-Bridging-Header.h:20:
21 | #import "JITEnableContextInternal.h"
22 | 

/Users/builder/clone/Sources/idevice/JITEnableContext.h:69:71: warning: pointer is missing a nullability type specifier (_Nonnull, _Nullable, or _Null_unspecified)
67 | @interface JITEnableContext(Process)
68 | - (NSArray<NSDictionary*>*)fetchProcessListWithError:(NSError**)error;
69 | - (BOOL)killProcessWithPID:(int)pid signal:(int)signal error:(NSError **)error;
   |                                                                       |- warning: pointer is missing a nullability type specifier (_Nonnull, _Nullable, or _Null_unspecified)
   |                                                                       |- note: insert '_Nullable' if the pointer may be null
   |                                                                       `- note: insert '_Nonnull' if the pointer should never be null
70 | @end
71 | 

/Users/builder/clone/Resources/AppFileManager-Bridging-Header.h:20:9: note: in file included from /Users/builder/clone/Resources/AppFileManager-Bridging-Header.h:20:
18 | 
19 | // JITEnableContext - main context for device operations
20 | #import "JITEnableContext.h"
   |         `- note: in file included from /Users/builder/clone/Resources/AppFileManager-Bridging-Header.h:20:
21 | #import "JITEnableContextInternal.h"
22 | 

/Users/builder/clone/Sources/idevice/JITEnableContext.h:69:72: warning: pointer is missing a nullability type specifier (_Nonnull, _Nullable, or _Null_unspecified)
67 | @interface JITEnableContext(Process)
68 | - (NSArray<NSDictionary*>*)fetchProcessListWithError:(NSError**)error;
69 | - (BOOL)killProcessWithPID:(int)pid signal:(int)signal error:(NSError **)error;
   |                                                                        |- warning: pointer is missing a nullability type specifier (_Nonnull, _Nullable, or _Null_unspecified)
   |                                                                        |- note: insert '_Nullable' if the pointer may be null
   |                                                                        `- note: insert '_Nonnull' if the pointer should never be null
70 | @end
71 | 

/Users/builder/clone/Resources/AppFileManager-Bridging-Header.h:20:9: note: in file included from /Users/builder/clone/Resources/AppFileManager-Bridging-Header.h:20:
18 | 
19 | // JITEnableContext - main context for device operations
20 | #import "JITEnableContext.h"
   |         `- note: in file included from /Users/builder/clone/Resources/AppFileManager-Bridging-Header.h:20:
21 | #import "JITEnableContextInternal.h"
22 | 

/Users/builder/clone/Sources/idevice/JITEnableContext.h:73:11: warning: pointer is missing a nullability type specifier (_Nonnull, _Nullable, or _Null_unspecified)
71 | 
72 | @interface JITEnableContext(App)
73 | - (UIImage*)getAppIconWithBundleId:(NSString*)bundleId error:(NSError**)error;
   |           |- warning: pointer is missing a nullability type specifier (_Nonnull, _Nullable, or _Null_unspecified)
   |           |- note: insert '_Nullable' if the pointer may be null
   |           `- note: insert '_Nonnull' if the pointer should never be null
74 | - (NSDictionary<NSString*, NSString*>*)getAppListWithError:(NSError**)error;
75 | - (NSDictionary<NSString*, NSString*>*)getAllAppsWithError:(NSError**)error;

/Users/builder/clone/Resources/AppFileManager-Bridging-Header.h:20:9: note: in file included from /Users/builder/clone/Resources/AppFileManager-Bridging-Header.h:20:
18 | 
19 | // JITEnableContext - main context for device operations
20 | #import "JITEnableContext.h"
   |         `- note: in file included from /Users/builder/clone/Resources/AppFileManager-Bridging-Header.h:20:
21 | #import "JITEnableContextInternal.h"
22 | 

/Users/builder/clone/Sources/idevice/JITEnableContext.h:73:45: warning: pointer is missing a nullability type specifier (_Nonnull, _Nullable, or _Null_unspecified)
71 | 
72 | @interface JITEnableContext(App)
73 | - (UIImage*)getAppIconWithBundleId:(NSString*)bundleId error:(NSError**)error;
   |                                             |- warning: pointer is missing a nullability type specifier (_Nonnull, _Nullable, or _Null_unspecified)
   |                                             |- note: insert '_Nullable' if the pointer may be null
   |                                             `- note: insert '_Nonnull' if the pointer should never be null
74 | - (NSDictionary<NSString*, NSString*>*)getAppListWithError:(NSError**)error;
75 | - (NSDictionary<NSString*, NSString*>*)getAllAppsWithError:(NSError**)error;

/Users/builder/clone/Resources/AppFileManager-Bridging-Header.h:20:9: note: in file included from /Users/builder/clone/Resources/AppFileManager-Bridging-Header.h:20:
18 | 
19 | // JITEnableContext - main context for device operations
20 | #import "JITEnableContext.h"
   |         `- note: in file included from /Users/builder/clone/Resources/AppFileManager-Bridging-Header.h:20:
21 | #import "JITEnableContextInternal.h"
22 | 

/Users/builder/clone/Sources/idevice/JITEnableContext.h:73:70: warning: pointer is missing a nullability type specifier (_Nonnull, _Nullable, or _Null_unspecified)
71 | 
72 | @interface JITEnableContext(App)
73 | - (UIImage*)getAppIconWithBundleId:(NSString*)bundleId error:(NSError**)error;
   |                                                                      |- warning: pointer is missing a nullability type specifier (_Nonnull, _Nullable, or _Null_unspecified)
   |                                                                      |- note: insert '_Nullable' if the pointer may be null
   |                                                                      `- note: insert '_Nonnull' if the pointer should never be null
74 | - (NSDictionary<NSString*, NSString*>*)getAppListWithError:(NSError**)error;
75 | - (NSDictionary<NSString*, NSString*>*)getAllAppsWithError:(NSError**)error;

/Users/builder/clone/Resources/AppFileManager-Bridging-Header.h:20:9: note: in file included from /Users/builder/clone/Resources/AppFileManager-Bridging-Header.h:20:
18 | 
19 | // JITEnableContext - main context for device operations
20 | #import "JITEnableContext.h"
   |         `- note: in file included from /Users/builder/clone/Resources/AppFileManager-Bridging-Header.h:20:
21 | #import "JITEnableContextInternal.h"
22 | 

/Users/builder/clone/Sources/idevice/JITEnableContext.h:73:71: warning: pointer is missing a nullability type specifier (_Nonnull, _Nullable, or _Null_unspecified)
71 | 
72 | @interface JITEnableContext(App)
73 | - (UIImage*)getAppIconWithBundleId:(NSString*)bundleId error:(NSError**)error;
   |                                                                       |- warning: pointer is missing a nullability type specifier (_Nonnull, _Nullable, or _Null_unspecified)
   |                                                                       |- note: insert '_Nullable' if the pointer may be null
   |                                                                       `- note: insert '_Nonnull' if the pointer should never be null
74 | - (NSDictionary<NSString*, NSString*>*)getAppListWithError:(NSError**)error;
75 | - (NSDictionary<NSString*, NSString*>*)getAllAppsWithError:(NSError**)error;

/Users/builder/clone/Resources/AppFileManager-Bridging-Header.h:20:9: note: in file included from /Users/builder/clone/Resources/AppFileManager-Bridging-Header.h:20:
18 | 
19 | // JITEnableContext - main context for device operations
20 | #import "JITEnableContext.h"
   |         `- note: in file included from /Users/builder/clone/Resources/AppFileManager-Bridging-Header.h:20:
21 | #import "JITEnableContextInternal.h"
22 | 

/Users/builder/clone/Sources/idevice/JITEnableContext.h:74:38: warning: pointer is missing a nullability type specifier (_Nonnull, _Nullable, or _Null_unspecified)
72 | @interface JITEnableContext(App)
73 | - (UIImage*)getAppIconWithBundleId:(NSString*)bundleId error:(NSError**)error;
74 | - (NSDictionary<NSString*, NSString*>*)getAppListWithError:(NSError**)error;
   |                                      |- warning: pointer is missing a nullability type specifier (_Nonnull, _Nullable, or _Null_unspecified)
   |                                      |- note: insert '_Nullable' if the pointer may be null
   |                                      `- note: insert '_Nonnull' if the pointer should never be null
75 | - (NSDictionary<NSString*, NSString*>*)getAllAppsWithError:(NSError**)error;
76 | - (NSDictionary<NSString*, NSString*>*)getHiddenSystemAppsWithError:(NSError**)error;

/Users/builder/clone/Resources/AppFileManager-Bridging-Header.h:20:9: note: in file included from /Users/builder/clone/Resources/AppFileManager-Bridging-Header.h:20:
18 | 
19 | // JITEnableContext - main context for device operations
20 | #import "JITEnableContext.h"
   |         `- note: in file included from /Users/builder/clone/Resources/AppFileManager-Bridging-Header.h:20:
21 | #import "JITEnableContextInternal.h"
22 | 

/Users/builder/clone/Sources/idevice/JITEnableContext.h:74:68: warning: pointer is missing a nullability type specifier (_Nonnull, _Nullable, or _Null_unspecified)
72 | @interface JITEnableContext(App)
73 | - (UIImage*)getAppIconWithBundleId:(NSString*)bundleId error:(NSError**)error;
74 | - (NSDictionary<NSString*, NSString*>*)getAppListWithError:(NSError**)error;
   |                                                                    |- warning: pointer is missing a nullability type specifier (_Nonnull, _Nullable, or _Null_unspecified)
   |                                                                    |- note: insert '_Nullable' if the pointer may be null
   |                                                                    `- note: insert '_Nonnull' if the pointer should never be null
75 | - (NSDictionary<NSString*, NSString*>*)getAllAppsWithError:(NSError**)error;
76 | - (NSDictionary<NSString*, NSString*>*)getHiddenSystemAppsWithError:(NSError**)error;

/Users/builder/clone/Resources/AppFileManager-Bridging-Header.h:20:9: note: in file included from /Users/builder/clone/Resources/AppFileManager-Bridging-Header.h:20:
18 | 
19 | // JITEnableContext - main context for device operations
20 | #import "JITEnableContext.h"
   |         `- note: in file included from /Users/builder/clone/Resources/AppFileManager-Bridging-Header.h:20:
21 | #import "JITEnableContextInternal.h"
22 | 

/Users/builder/clone/Sources/idevice/JITEnableContext.h:74:69: warning: pointer is missing a nullability type specifier (_Nonnull, _Nullable, or _Null_unspecified)
72 | @interface JITEnableContext(App)
73 | - (UIImage*)getAppIconWithBundleId:(NSString*)bundleId error:(NSError**)error;
74 | - (NSDictionary<NSString*, NSString*>*)getAppListWithError:(NSError**)error;
   |                                                                     |- warning: pointer is missing a nullability type specifier (_Nonnull, _Nullable, or _Null_unspecified)
   |                                                                     |- note: insert '_Nullable' if the pointer may be null
   |                                                                     `- note: insert '_Nonnull' if the pointer should never be null
75 | - (NSDictionary<NSString*, NSString*>*)getAllAppsWithError:(NSError**)error;
76 | - (NSDictionary<NSString*, NSString*>*)getHiddenSystemAppsWithError:(NSError**)error;

/Users/builder/clone/Resources/AppFileManager-Bridging-Header.h:20:9: note: in file included from /Users/builder/clone/Resources/AppFileManager-Bridging-Header.h:20:
18 | 
19 | // JITEnableContext - main context for device operations
20 | #import "JITEnableContext.h"
   |         `- note: in file included from /Users/builder/clone/Resources/AppFileManager-Bridging-Header.h:20:
21 | #import "JITEnableContextInternal.h"
22 | 

/Users/builder/clone/Sources/idevice/JITEnableContext.h:75:38: warning: pointer is missing a nullability type specifier (_Nonnull, _Nullable, or _Null_unspecified)
73 | - (UIImage*)getAppIconWithBundleId:(NSString*)bundleId error:(NSError**)error;
74 | - (NSDictionary<NSString*, NSString*>*)getAppListWithError:(NSError**)error;
75 | - (NSDictionary<NSString*, NSString*>*)getAllAppsWithError:(NSError**)error;
   |                                      |- warning: pointer is missing a nullability type specifier (_Nonnull, _Nullable, or _Null_unspecified)
   |                                      |- note: insert '_Nullable' if the pointer may be null
   |                                      `- note: insert '_Nonnull' if the pointer should never be null
76 | - (NSDictionary<NSString*, NSString*>*)getHiddenSystemAppsWithError:(NSError**)error;
77 | - (NSDictionary<NSString*, id>*)getAllAppsInfoWithError:(NSError**)error;

/Users/builder/clone/Resources/AppFileManager-Bridging-Header.h:20:9: note: in file included from /Users/builder/clone/Resources/AppFileManager-Bridging-Header.h:20:
18 | 
19 | // JITEnableContext - main context for device operations
20 | #import "JITEnableContext.h"
   |         `- note: in file included from /Users/builder/clone/Resources/AppFileManager-Bridging-Header.h:20:
21 | #import "JITEnableContextInternal.h"
22 | 

/Users/builder/clone/Sources/idevice/JITEnableContext.h:75:68: warning: pointer is missing a nullability type specifier (_Nonnull, _Nullable, or _Null_unspecified)
73 | - (UIImage*)getAppIconWithBundleId:(NSString*)bundleId error:(NSError**)error;
74 | - (NSDictionary<NSString*, NSString*>*)getAppListWithError:(NSError**)error;
75 | - (NSDictionary<NSString*, NSString*>*)getAllAppsWithError:(NSError**)error;
   |                                                                    |- warning: pointer is missing a nullability type specifier (_Nonnull, _Nullable, or _Null_unspecified)
   |                                                                    |- note: insert '_Nullable' if the pointer may be null
   |                                                                    `- note: insert '_Nonnull' if the pointer should never be null
76 | - (NSDictionary<NSString*, NSString*>*)getHiddenSystemAppsWithError:(NSError**)error;
77 | - (NSDictionary<NSString*, id>*)getAllAppsInfoWithError:(NSError**)error;

/Users/builder/clone/Resources/AppFileManager-Bridging-Header.h:20:9: note: in file included from /Users/builder/clone/Resources/AppFileManager-Bridging-Header.h:20:
18 | 
19 | // JITEnableContext - main context for device operations
20 | #import "JITEnableContext.h"
   |         `- note: in file included from /Users/builder/clone/Resources/AppFileManager-Bridging-Header.h:20:
21 | #import "JITEnableContextInternal.h"
22 | 

/Users/builder/clone/Sources/idevice/JITEnableContext.h:75:69: warning: pointer is missing a nullability type specifier (_Nonnull, _Nullable, or _Null_unspecified)
73 | - (UIImage*)getAppIconWithBundleId:(NSString*)bundleId error:(NSError**)error;
74 | - (NSDictionary<NSString*, NSString*>*)getAppListWithError:(NSError**)error;
75 | - (NSDictionary<NSString*, NSString*>*)getAllAppsWithError:(NSError**)error;
   |                                                                     |- warning: pointer is missing a nullability type specifier (_Nonnull, _Nullable, or _Null_unspecified)
   |                                                                     |- note: insert '_Nullable' if the pointer may be null
   |                                                                     `- note: insert '_Nonnull' if the pointer should never be null
76 | - (NSDictionary<NSString*, NSString*>*)getHiddenSystemAppsWithError:(NSError**)error;
77 | - (NSDictionary<NSString*, id>*)getAllAppsInfoWithError:(NSError**)error;

/Users/builder/clone/Resources/AppFileManager-Bridging-Header.h:20:9: note: in file included from /Users/builder/clone/Resources/AppFileManager-Bridging-Header.h:20:
18 | 
19 | // JITEnableContext - main context for device operations
20 | #import "JITEnableContext.h"
   |         `- note: in file included from /Users/builder/clone/Resources/AppFileManager-Bridging-Header.h:20:
21 | #import "JITEnableContextInternal.h"
22 | 

/Users/builder/clone/Sources/idevice/JITEnableContext.h:76:38: warning: pointer is missing a nullability type specifier (_Nonnull, _Nullable, or _Null_unspecified)
74 | - (NSDictionary<NSString*, NSString*>*)getAppListWithError:(NSError**)error;
75 | - (NSDictionary<NSString*, NSString*>*)getAllAppsWithError:(NSError**)error;
76 | - (NSDictionary<NSString*, NSString*>*)getHiddenSystemAppsWithError:(NSError**)error;
   |                                      |- warning: pointer is missing a nullability type specifier (_Nonnull, _Nullable, or _Null_unspecified)
   |                                      |- note: insert '_Nullable' if the pointer may be null
   |                                      `- note: insert '_Nonnull' if the pointer should never be null
77 | - (NSDictionary<NSString*, id>*)getAllAppsInfoWithError:(NSError**)error;
78 | @end

/Users/builder/clone/Resources/AppFileManager-Bridging-Header.h:20:9: note: in file included from /Users/builder/clone/Resources/AppFileManager-Bridging-Header.h:20:
18 | 
19 | // JITEnableContext - main context for device operations
20 | #import "JITEnableContext.h"
   |         `- note: in file included from /Users/builder/clone/Resources/AppFileManager-Bridging-Header.h:20:
21 | #import "JITEnableContextInternal.h"
22 | 

/Users/builder/clone/Sources/idevice/JITEnableContext.h:76:77: warning: pointer is missing a nullability type specifier (_Nonnull, _Nullable, or _Null_unspecified)
74 | - (NSDictionary<NSString*, NSString*>*)getAppListWithError:(NSError**)error;
75 | - (NSDictionary<NSString*, NSString*>*)getAllAppsWithError:(NSError**)error;
76 | - (NSDictionary<NSString*, NSString*>*)getHiddenSystemAppsWithError:(NSError**)error;
   |                                                                             |- warning: pointer is missing a nullability type specifier (_Nonnull, _Nullable, or _Null_unspecified)
   |                                                                             |- note: insert '_Nullable' if the pointer may be null
   |                                                                             `- note: insert '_Nonnull' if the pointer should never be null
77 | - (NSDictionary<NSString*, id>*)getAllAppsInfoWithError:(NSError**)error;
78 | @end

/Users/builder/clone/Resources/AppFileManager-Bridging-Header.h:20:9: note: in file included from /Users/builder/clone/Resources/AppFileManager-Bridging-Header.h:20:
18 | 
19 | // JITEnableContext - main context for device operations
20 | #import "JITEnableContext.h"
   |         `- note: in file included from /Users/builder/clone/Resources/AppFileManager-Bridging-Header.h:20:
21 | #import "JITEnableContextInternal.h"
22 | 

/Users/builder/clone/Sources/idevice/JITEnableContext.h:76:78: warning: pointer is missing a nullability type specifier (_Nonnull, _Nullable, or _Null_unspecified)
74 | - (NSDictionary<NSString*, NSString*>*)getAppListWithError:(NSError**)error;
75 | - (NSDictionary<NSString*, NSString*>*)getAllAppsWithError:(NSError**)error;
76 | - (NSDictionary<NSString*, NSString*>*)getHiddenSystemAppsWithError:(NSError**)error;
   |                                                                              |- warning: pointer is missing a nullability type specifier (_Nonnull, _Nullable, or _Null_unspecified)
   |                                                                              |- note: insert '_Nullable' if the pointer may be null
   |                                                                              `- note: insert '_Nonnull' if the pointer should never be null
77 | - (NSDictionary<NSString*, id>*)getAllAppsInfoWithError:(NSError**)error;
78 | @end

/Users/builder/clone/Resources/AppFileManager-Bridging-Header.h:20:9: note: in file included from /Users/builder/clone/Resources/AppFileManager-Bridging-Header.h:20:
18 | 
19 | // JITEnableContext - main context for device operations
20 | #import "JITEnableContext.h"
   |         `- note: in file included from /Users/builder/clone/Resources/AppFileManager-Bridging-Header.h:20:
21 | #import "JITEnableContextInternal.h"
22 | 

/Users/builder/clone/Sources/idevice/JITEnableContext.h:77:31: warning: pointer is missing a nullability type specifier (_Nonnull, _Nullable, or _Null_unspecified)
75 | - (NSDictionary<NSString*, NSString*>*)getAllAppsWithError:(NSError**)error;
76 | - (NSDictionary<NSString*, NSString*>*)getHiddenSystemAppsWithError:(NSError**)error;
77 | - (NSDictionary<NSString*, id>*)getAllAppsInfoWithError:(NSError**)error;
   |                               |- warning: pointer is missing a nullability type specifier (_Nonnull, _Nullable, or _Null_unspecified)
   |                               |- note: insert '_Nullable' if the pointer may be null
   |                               `- note: insert '_Nonnull' if the pointer should never be null
78 | @end
79 | 

/Users/builder/clone/Resources/AppFileManager-Bridging-Header.h:20:9: note: in file included from /Users/builder/clone/Resources/AppFileManager-Bridging-Header.h:20:
18 | 
19 | // JITEnableContext - main context for device operations
20 | #import "JITEnableContext.h"
   |         `- note: in file included from /Users/builder/clone/Resources/AppFileManager-Bridging-Header.h:20:
21 | #import "JITEnableContextInternal.h"
22 | 

/Users/builder/clone/Sources/idevice/JITEnableContext.h:77:65: warning: pointer is missing a nullability type specifier (_Nonnull, _Nullable, or _Null_unspecified)
75 | - (NSDictionary<NSString*, NSString*>*)getAllAppsWithError:(NSError**)error;
76 | - (NSDictionary<NSString*, NSString*>*)getHiddenSystemAppsWithError:(NSError**)error;
77 | - (NSDictionary<NSString*, id>*)getAllAppsInfoWithError:(NSError**)error;
   |                                                                 |- warning: pointer is missing a nullability type specifier (_Nonnull, _Nullable, or _Null_unspecified)
   |                                                                 |- note: insert '_Nullable' if the pointer may be null
   |                                                                 `- note: insert '_Nonnull' if the pointer should never be null
78 | @end
79 | 

/Users/builder/clone/Resources/AppFileManager-Bridging-Header.h:20:9: note: in file included from /Users/builder/clone/Resources/AppFileManager-Bridging-Header.h:20:
18 | 
19 | // JITEnableContext - main context for device operations
20 | #import "JITEnableContext.h"
   |         `- note: in file included from /Users/builder/clone/Resources/AppFileManager-Bridging-Header.h:20:
21 | #import "JITEnableContextInternal.h"
22 | 

/Users/builder/clone/Sources/idevice/JITEnableContext.h:77:66: warning: pointer is missing a nullability type specifier (_Nonnull, _Nullable, or _Null_unspecified)
75 | - (NSDictionary<NSString*, NSString*>*)getAllAppsWithError:(NSError**)error;
76 | - (NSDictionary<NSString*, NSString*>*)getHiddenSystemAppsWithError:(NSError**)error;
77 | - (NSDictionary<NSString*, id>*)getAllAppsInfoWithError:(NSError**)error;
   |                                                                  |- warning: pointer is missing a nullability type specifier (_Nonnull, _Nullable, or _Null_unspecified)
   |                                                                  |- note: insert '_Nullable' if the pointer may be null
   |                                                                  `- note: insert '_Nonnull' if the pointer should never be null
78 | @end
79 | 

/Users/builder/clone/Resources/AppFileManager-Bridging-Header.h:20:9: note: in file included from /Users/builder/clone/Resources/AppFileManager-Bridging-Header.h:20:
18 | 
19 | // JITEnableContext - main context for device operations
20 | #import "JITEnableContext.h"
   |         `- note: in file included from /Users/builder/clone/Resources/AppFileManager-Bridging-Header.h:20:
21 | #import "JITEnableContextInternal.h"
22 | 

/Users/builder/clone/Sources/idevice/JITEnableContext.h:81:38: warning: block pointer is missing a nullability type specifier (_Nonnull, _Nullable, or _Null_unspecified)
79 | 
80 | @interface JITEnableContext(Syslog)
81 | - (void)startSyslogRelayWithHandler:(SyslogLineHandler)lineHandler
   |                                      |- warning: block pointer is missing a nullability type specifier (_Nonnull, _Nullable, or _Null_unspecified)
   |                                      |- note: insert '_Nullable' if the block pointer may be null
   |                                      `- note: insert '_Nonnull' if the block pointer should never be null
82 |                              onError:(SyslogErrorHandler)errorHandler NS_SWIFT_NAME(startSyslogRelay(handler:onError:));
83 | - (void)stopSyslogRelay;

/Users/builder/clone/Resources/AppFileManager-Bridging-Header.h:20:9: note: in file included from /Users/builder/clone/Resources/AppFileManager-Bridging-Header.h:20:
18 | 
19 | // JITEnableContext - main context for device operations
20 | #import "JITEnableContext.h"
   |         `- note: in file included from /Users/builder/clone/Resources/AppFileManager-Bridging-Header.h:20:
21 | #import "JITEnableContextInternal.h"
22 | 

/Users/builder/clone/Sources/idevice/JITEnableContext.h:82:39: warning: block pointer is missing a nullability type specifier (_Nonnull, _Nullable, or _Null_unspecified)
80 | @interface JITEnableContext(Syslog)
81 | - (void)startSyslogRelayWithHandler:(SyslogLineHandler)lineHandler
82 |                              onError:(SyslogErrorHandler)errorHandler NS_SWIFT_NAME(startSyslogRelay(handler:onError:));
   |                                       |- warning: block pointer is missing a nullability type specifier (_Nonnull, _Nullable, or _Null_unspecified)
   |                                       |- note: insert '_Nullable' if the block pointer may be null
   |                                       `- note: insert '_Nonnull' if the block pointer should never be null
83 | - (void)stopSyslogRelay;
84 | @end

/Users/builder/clone/Resources/AppFileManager-Bridging-Header.h:20:9: note: in file included from /Users/builder/clone/Resources/AppFileManager-Bridging-Header.h:20:
18 | 
19 | // JITEnableContext - main context for device operations
20 | #import "JITEnableContext.h"
   |         `- note: in file included from /Users/builder/clone/Resources/AppFileManager-Bridging-Header.h:20:
21 | #import "JITEnableContextInternal.h"
22 | 

/Users/builder/clone/Sources/idevice/JITEnableContext.h:87:25: warning: pointer is missing a nullability type specifier (_Nonnull, _Nullable, or _Null_unspecified)
85 | 
86 | @interface JITEnableContext(DeviceInfo)
87 | - (LockdowndClientHandle*)ideviceInfoInit:(NSError**)error;
   |                         |- warning: pointer is missing a nullability type specifier (_Nonnull, _Nullable, or _Null_unspecified)
   |                         |- note: insert '_Nullable' if the pointer may be null
   |                         `- note: insert '_Nonnull' if the pointer should never be null
88 | - (char*)ideviceInfoGetXMLWithLockdownClient:(LockdowndClientHandle*)lockdownClient error:(NSError**)error;
89 | @end

/Users/builder/clone/Resources/AppFileManager-Bridging-Header.h:20:9: note: in file included from /Users/builder/clone/Resources/AppFileManager-Bridging-Header.h:20:
18 | 
19 | // JITEnableContext - main context for device operations
20 | #import "JITEnableContext.h"
   |         `- note: in file included from /Users/builder/clone/Resources/AppFileManager-Bridging-Header.h:20:
21 | #import "JITEnableContextInternal.h"
22 | 

/Users/builder/clone/Sources/idevice/JITEnableContext.h:87:51: warning: pointer is missing a nullability type specifier (_Nonnull, _Nullable, or _Null_unspecified)
85 | 
86 | @interface JITEnableContext(DeviceInfo)
87 | - (LockdowndClientHandle*)ideviceInfoInit:(NSError**)error;
   |                                                   |- warning: pointer is missing a nullability type specifier (_Nonnull, _Nullable, or _Null_unspecified)
   |                                                   |- note: insert '_Nullable' if the pointer may be null
   |                                                   `- note: insert '_Nonnull' if the pointer should never be null
88 | - (char*)ideviceInfoGetXMLWithLockdownClient:(LockdowndClientHandle*)lockdownClient error:(NSError**)error;
89 | @end

/Users/builder/clone/Resources/AppFileManager-Bridging-Header.h:20:9: note: in file included from /Users/builder/clone/Resources/AppFileManager-Bridging-Header.h:20:
18 | 
19 | // JITEnableContext - main context for device operations
20 | #import "JITEnableContext.h"
   |         `- note: in file included from /Users/builder/clone/Resources/AppFileManager-Bridging-Header.h:20:
21 | #import "JITEnableContextInternal.h"
22 | 

/Users/builder/clone/Sources/idevice/JITEnableContext.h:87:52: warning: pointer is missing a nullability type specifier (_Nonnull, _Nullable, or _Null_unspecified)
85 | 
86 | @interface JITEnableContext(DeviceInfo)
87 | - (LockdowndClientHandle*)ideviceInfoInit:(NSError**)error;
   |                                                    |- warning: pointer is missing a nullability type specifier (_Nonnull, _Nullable, or _Null_unspecified)
   |                                                    |- note: insert '_Nullable' if the pointer may be null
   |                                                    `- note: insert '_Nonnull' if the pointer should never be null
88 | - (char*)ideviceInfoGetXMLWithLockdownClient:(LockdowndClientHandle*)lockdownClient error:(NSError**)error;
89 | @end

/Users/builder/clone/Resources/AppFileManager-Bridging-Header.h:20:9: note: in file included from /Users/builder/clone/Resources/AppFileManager-Bridging-Header.h:20:
18 | 
19 | // JITEnableContext - main context for device operations
20 | #import "JITEnableContext.h"
   |         `- note: in file included from /Users/builder/clone/Resources/AppFileManager-Bridging-Header.h:20:
21 | #import "JITEnableContextInternal.h"
22 | 

/Users/builder/clone/Sources/idevice/JITEnableContext.h:88:8: warning: pointer is missing a nullability type specifier (_Nonnull, _Nullable, or _Null_unspecified)
86 | @interface JITEnableContext(DeviceInfo)
87 | - (LockdowndClientHandle*)ideviceInfoInit:(NSError**)error;
88 | - (char*)ideviceInfoGetXMLWithLockdownClient:(LockdowndClientHandle*)lockdownClient error:(NSError**)error;
   |        |- warning: pointer is missing a nullability type specifier (_Nonnull, _Nullable, or _Null_unspecified)
   |        |- note: insert '_Nullable' if the pointer may be null
   |        `- note: insert '_Nonnull' if the pointer should never be null
89 | @end
90 | 

/Users/builder/clone/Resources/AppFileManager-Bridging-Header.h:20:9: note: in file included from /Users/builder/clone/Resources/AppFileManager-Bridging-Header.h:20:
18 | 
19 | // JITEnableContext - main context for device operations
20 | #import "JITEnableContext.h"
   |         `- note: in file included from /Users/builder/clone/Resources/AppFileManager-Bridging-Header.h:20:
21 | #import "JITEnableContextInternal.h"
22 | 

/Users/builder/clone/Sources/idevice/JITEnableContext.h:88:68: warning: pointer is missing a nullability type specifier (_Nonnull, _Nullable, or _Null_unspecified)
86 | @interface JITEnableContext(DeviceInfo)
87 | - (LockdowndClientHandle*)ideviceInfoInit:(NSError**)error;
88 | - (char*)ideviceInfoGetXMLWithLockdownClient:(LockdowndClientHandle*)lockdownClient error:(NSError**)error;
   |                                                                    |- warning: pointer is missing a nullability type specifier (_Nonnull, _Nullable, or _Null_unspecified)
   |                                                                    |- note: insert '_Nullable' if the pointer may be null
   |                                                                    `- note: insert '_Nonnull' if the pointer should never be null
89 | @end
90 | 

/Users/builder/clone/Resources/AppFileManager-Bridging-Header.h:20:9: note: in file included from /Users/builder/clone/Resources/AppFileManager-Bridging-Header.h:20:
18 | 
19 | // JITEnableContext - main context for device operations
20 | #import "JITEnableContext.h"
   |         `- note: in file included from /Users/builder/clone/Resources/AppFileManager-Bridging-Header.h:20:
21 | #import "JITEnableContextInternal.h"
22 | 

/Users/builder/clone/Sources/idevice/JITEnableContext.h:88:99: warning: pointer is missing a nullability type specifier (_Nonnull, _Nullable, or _Null_unspecified)
86 | @interface JITEnableContext(DeviceInfo)
87 | - (LockdowndClientHandle*)ideviceInfoInit:(NSError**)error;
88 | - (char*)ideviceInfoGetXMLWithLockdownClient:(LockdowndClientHandle*)lockdownClient error:(NSError**)error;
   |                                                                                                   |- warning: pointer is missing a nullability type specifier (_Nonnull, _Nullable, or _Null_unspecified)
   |                                                                                                   |- note: insert '_Nullable' if the pointer may be null
   |                                                                                                   `- note: insert '_Nonnull' if the pointer should never be null
89 | @end
90 | 

/Users/builder/clone/Resources/AppFileManager-Bridging-Header.h:20:9: note: in file included from /Users/builder/clone/Resources/AppFileManager-Bridging-Header.h:20:
18 | 
19 | // JITEnableContext - main context for device operations
20 | #import "JITEnableContext.h"
   |         `- note: in file included from /Users/builder/clone/Resources/AppFileManager-Bridging-Header.h:20:
21 | #import "JITEnableContextInternal.h"
22 | 

/Users/builder/clone/Sources/idevice/JITEnableContext.h:88:100: warning: pointer is missing a nullability type specifier (_Nonnull, _Nullable, or _Null_unspecified)
86 | @interface JITEnableContext(DeviceInfo)
87 | - (LockdowndClientHandle*)ideviceInfoInit:(NSError**)error;
88 | - (char*)ideviceInfoGetXMLWithLockdownClient:(LockdowndClientHandle*)lockdownClient error:(NSError**)error;
   |                                                                                                    |- warning: pointer is missing a nullability type specifier (_Nonnull, _Nullable, or _Null_unspecified)
   |                                                                                                    |- note: insert '_Nullable' if the pointer may be null
   |                                                                                                    `- note: insert '_Nonnull' if the pointer should never be null
89 | @end
90 | 

/Users/builder/clone/Resources/AppFileManager-Bridging-Header.h:20:9: note: in file included from /Users/builder/clone/Resources/AppFileManager-Bridging-Header.h:20:
18 | 
19 | // JITEnableContext - main context for device operations
20 | #import "JITEnableContext.h"
   |         `- note: in file included from /Users/builder/clone/Resources/AppFileManager-Bridging-Header.h:20:
21 | #import "JITEnableContextInternal.h"
22 | 

/Users/builder/clone/Sources/idevice/JITEnableContext.h:92:38: warning: pointer is missing a nullability type specifier (_Nonnull, _Nullable, or _Null_unspecified)
90 | 
91 | @interface JITEnableContext(AFC)
92 | - (BOOL)afcIsPathDirectory:(NSString *)path;
   |                                      |- warning: pointer is missing a nullability type specifier (_Nonnull, _Nullable, or _Null_unspecified)
   |                                      |- note: insert '_Nullable' if the pointer may be null
   |                                      `- note: insert '_Nonnull' if the pointer should never be null
93 | - (NSArray<NSString *> *)afcListDir:(NSString *)path error:(NSError **)error;
94 | - (BOOL)afcPushFile:(NSString *)sourcePath toPath:(NSString *)destPath error:(NSError **)error;

/Users/builder/clone/Resources/AppFileManager-Bridging-Header.h:20:9: note: in file included from /Users/builder/clone/Resources/AppFileManager-Bridging-Header.h:20:
18 | 
19 | // JITEnableContext - main context for device operations
20 | #import "JITEnableContext.h"
   |         `- note: in file included from /Users/builder/clone/Resources/AppFileManager-Bridging-Header.h:20:
21 | #import "JITEnableContextInternal.h"
22 | 

/Users/builder/clone/Sources/idevice/JITEnableContext.h:93:24: warning: pointer is missing a nullability type specifier (_Nonnull, _Nullable, or _Null_unspecified)
91 | @interface JITEnableContext(AFC)
92 | - (BOOL)afcIsPathDirectory:(NSString *)path;
93 | - (NSArray<NSString *> *)afcListDir:(NSString *)path error:(NSError **)error;
   |                        |- warning: pointer is missing a nullability type specifier (_Nonnull, _Nullable, or _Null_unspecified)
   |                        |- note: insert '_Nullable' if the pointer may be null
   |                        `- note: insert '_Nonnull' if the pointer should never be null
94 | - (BOOL)afcPushFile:(NSString *)sourcePath toPath:(NSString *)destPath error:(NSError **)error;
95 | - (BOOL)afcPullFile:(NSString *)devicePath toLocalPath:(NSString *)localPath error:(NSError **)error;

/Users/builder/clone/Resources/AppFileManager-Bridging-Header.h:20:9: note: in file included from /Users/builder/clone/Resources/AppFileManager-Bridging-Header.h:20:
18 | 
19 | // JITEnableContext - main context for device operations
20 | #import "JITEnableContext.h"
   |         `- note: in file included from /Users/builder/clone/Resources/AppFileManager-Bridging-Header.h:20:
21 | #import "JITEnableContextInternal.h"
22 | 

/Users/builder/clone/Sources/idevice/JITEnableContext.h:93:47: warning: pointer is missing a nullability type specifier (_Nonnull, _Nullable, or _Null_unspecified)
91 | @interface JITEnableContext(AFC)
92 | - (BOOL)afcIsPathDirectory:(NSString *)path;
93 | - (NSArray<NSString *> *)afcListDir:(NSString *)path error:(NSError **)error;
   |                                               |- warning: pointer is missing a nullability type specifier (_Nonnull, _Nullable, or _Null_unspecified)
   |                                               |- note: insert '_Nullable' if the pointer may be null
   |                                               `- note: insert '_Nonnull' if the pointer should never be null
94 | - (BOOL)afcPushFile:(NSString *)sourcePath toPath:(NSString *)destPath error:(NSError **)error;
95 | - (BOOL)afcPullFile:(NSString *)devicePath toLocalPath:(NSString *)localPath error:(NSError **)error;

/Users/builder/clone/Resources/AppFileManager-Bridging-Header.h:20:9: note: in file included from /Users/builder/clone/Resources/AppFileManager-Bridging-Header.h:20:
18 | 
19 | // JITEnableContext - main context for device operations
20 | #import "JITEnableContext.h"
   |         `- note: in file included from /Users/builder/clone/Resources/AppFileManager-Bridging-Header.h:20:
21 | #import "JITEnableContextInternal.h"
22 | 

/Users/builder/clone/Sources/idevice/JITEnableContext.h:93:69: warning: pointer is missing a nullability type specifier (_Nonnull, _Nullable, or _Null_unspecified)
91 | @interface JITEnableContext(AFC)
92 | - (BOOL)afcIsPathDirectory:(NSString *)path;
93 | - (NSArray<NSString *> *)afcListDir:(NSString *)path error:(NSError **)error;
   |                                                                     |- warning: pointer is missing a nullability type specifier (_Nonnull, _Nullable, or _Null_unspecified)
   |                                                                     |- note: insert '_Nullable' if the pointer may be null
   |                                                                     `- note: insert '_Nonnull' if the pointer should never be null
94 | - (BOOL)afcPushFile:(NSString *)sourcePath toPath:(NSString *)destPath error:(NSError **)error;
95 | - (BOOL)afcPullFile:(NSString *)devicePath toLocalPath:(NSString *)localPath error:(NSError **)error;

/Users/builder/clone/Resources/AppFileManager-Bridging-Header.h:20:9: note: in file included from /Users/builder/clone/Resources/AppFileManager-Bridging-Header.h:20:
18 | 
19 | // JITEnableContext - main context for device operations
20 | #import "JITEnableContext.h"
   |         `- note: in file included from /Users/builder/clone/Resources/AppFileManager-Bridging-Header.h:20:
21 | #import "JITEnableContextInternal.h"
22 | 

/Users/builder/clone/Sources/idevice/JITEnableContext.h:93:70: warning: pointer is missing a nullability type specifier (_Nonnull, _Nullable, or _Null_unspecified)
91 | @interface JITEnableContext(AFC)
92 | - (BOOL)afcIsPathDirectory:(NSString *)path;
93 | - (NSArray<NSString *> *)afcListDir:(NSString *)path error:(NSError **)error;
   |                                                                      |- warning: pointer is missing a nullability type specifier (_Nonnull, _Nullable, or _Null_unspecified)
   |                                                                      |- note: insert '_Nullable' if the pointer may be null
   |                                                                      `- note: insert '_Nonnull' if the pointer should never be null
94 | - (BOOL)afcPushFile:(NSString *)sourcePath toPath:(NSString *)destPath error:(NSError **)error;
95 | - (BOOL)afcPullFile:(NSString *)devicePath toLocalPath:(NSString *)localPath error:(NSError **)error;

/Users/builder/clone/Resources/AppFileManager-Bridging-Header.h:20:9: note: in file included from /Users/builder/clone/Resources/AppFileManager-Bridging-Header.h:20:
18 | 
19 | // JITEnableContext - main context for device operations
20 | #import "JITEnableContext.h"
   |         `- note: in file included from /Users/builder/clone/Resources/AppFileManager-Bridging-Header.h:20:
21 | #import "JITEnableContextInternal.h"
22 | 

/Users/builder/clone/Sources/idevice/JITEnableContext.h:94:31: warning: pointer is missing a nullability type specifier (_Nonnull, _Nullable, or _Null_unspecified)
92 | - (BOOL)afcIsPathDirectory:(NSString *)path;
93 | - (NSArray<NSString *> *)afcListDir:(NSString *)path error:(NSError **)error;
94 | - (BOOL)afcPushFile:(NSString *)sourcePath toPath:(NSString *)destPath error:(NSError **)error;
   |                               |- warning: pointer is missing a nullability type specifier (_Nonnull, _Nullable, or _Null_unspecified)
   |                               |- note: insert '_Nullable' if the pointer may be null
   |                               `- note: insert '_Nonnull' if the pointer should never be null
95 | - (BOOL)afcPullFile:(NSString *)devicePath toLocalPath:(NSString *)localPath error:(NSError **)error;
96 | - (BOOL)afcDelete:(NSString *)path error:(NSError **)error;

/Users/builder/clone/Resources/AppFileManager-Bridging-Header.h:20:9: note: in file included from /Users/builder/clone/Resources/AppFileManager-Bridging-Header.h:20:
18 | 
19 | // JITEnableContext - main context for device operations
20 | #import "JITEnableContext.h"
   |         `- note: in file included from /Users/builder/clone/Resources/AppFileManager-Bridging-Header.h:20:
21 | #import "JITEnableContextInternal.h"
22 | 

/Users/builder/clone/Sources/idevice/JITEnableContext.h:94:61: warning: pointer is missing a nullability type specifier (_Nonnull, _Nullable, or _Null_unspecified)
92 | - (BOOL)afcIsPathDirectory:(NSString *)path;
93 | - (NSArray<NSString *> *)afcListDir:(NSString *)path error:(NSError **)error;
94 | - (BOOL)afcPushFile:(NSString *)sourcePath toPath:(NSString *)destPath error:(NSError **)error;
   |                                                             |- warning: pointer is missing a nullability type specifier (_Nonnull, _Nullable, or _Null_unspecified)
   |                                                             |- note: insert '_Nullable' if the pointer may be null
   |                                                             `- note: insert '_Nonnull' if the pointer should never be null
95 | - (BOOL)afcPullFile:(NSString *)devicePath toLocalPath:(NSString *)localPath error:(NSError **)error;
96 | - (BOOL)afcDelete:(NSString *)path error:(NSError **)error;

/Users/builder/clone/Resources/AppFileManager-Bridging-Header.h:20:9: note: in file included from /Users/builder/clone/Resources/AppFileManager-Bridging-Header.h:20:
18 | 
19 | // JITEnableContext - main context for device operations
20 | #import "JITEnableContext.h"
   |         `- note: in file included from /Users/builder/clone/Resources/AppFileManager-Bridging-Header.h:20:
21 | #import "JITEnableContextInternal.h"
22 | 

/Users/builder/clone/Sources/idevice/JITEnableContext.h:94:87: warning: pointer is missing a nullability type specifier (_Nonnull, _Nullable, or _Null_unspecified)
92 | - (BOOL)afcIsPathDirectory:(NSString *)path;
93 | - (NSArray<NSString *> *)afcListDir:(NSString *)path error:(NSError **)error;
94 | - (BOOL)afcPushFile:(NSString *)sourcePath toPath:(NSString *)destPath error:(NSError **)error;
   |                                                                                       |- warning: pointer is missing a nullability type specifier (_Nonnull, _Nullable, or _Null_unspecified)
   |                                                                                       |- note: insert '_Nullable' if the pointer may be null
   |                                                                                       `- note: insert '_Nonnull' if the pointer should never be null
95 | - (BOOL)afcPullFile:(NSString *)devicePath toLocalPath:(NSString *)localPath error:(NSError **)error;
96 | - (BOOL)afcDelete:(NSString *)path error:(NSError **)error;

/Users/builder/clone/Resources/AppFileManager-Bridging-Header.h:20:9: note: in file included from /Users/builder/clone/Resources/AppFileManager-Bridging-Header.h:20:
18 | 
19 | // JITEnableContext - main context for device operations
20 | #import "JITEnableContext.h"
   |         `- note: in file included from /Users/builder/clone/Resources/AppFileManager-Bridging-Header.h:20:
21 | #import "JITEnableContextInternal.h"
22 | 

/Users/builder/clone/Sources/idevice/JITEnableContext.h:94:88: warning: pointer is missing a nullability type specifier (_Nonnull, _Nullable, or _Null_unspecified)
92 | - (BOOL)afcIsPathDirectory:(NSString *)path;
93 | - (NSArray<NSString *> *)afcListDir:(NSString *)path error:(NSError **)error;
94 | - (BOOL)afcPushFile:(NSString *)sourcePath toPath:(NSString *)destPath error:(NSError **)error;
   |                                                                                        |- warning: pointer is missing a nullability type specifier (_Nonnull, _Nullable, or _Null_unspecified)
   |                                                                                        |- note: insert '_Nullable' if the pointer may be null
   |                                                                                        `- note: insert '_Nonnull' if the pointer should never be null
95 | - (BOOL)afcPullFile:(NSString *)devicePath toLocalPath:(NSString *)localPath error:(NSError **)error;
96 | - (BOOL)afcDelete:(NSString *)path error:(NSError **)error;

/Users/builder/clone/Resources/AppFileManager-Bridging-Header.h:20:9: note: in file included from /Users/builder/clone/Resources/AppFileManager-Bridging-Header.h:20:
18 | 
19 | // JITEnableContext - main context for device operations
20 | #import "JITEnableContext.h"
   |         `- note: in file included from /Users/builder/clone/Resources/AppFileManager-Bridging-Header.h:20:
21 | #import "JITEnableContextInternal.h"
22 | 

/Users/builder/clone/Sources/idevice/JITEnableContext.h:95:31: warning: pointer is missing a nullability type specifier (_Nonnull, _Nullable, or _Null_unspecified)
93 | - (NSArray<NSString *> *)afcListDir:(NSString *)path error:(NSError **)error;
94 | - (BOOL)afcPushFile:(NSString *)sourcePath toPath:(NSString *)destPath error:(NSError **)error;
95 | - (BOOL)afcPullFile:(NSString *)devicePath toLocalPath:(NSString *)localPath error:(NSError **)error;
   |                               |- warning: pointer is missing a nullability type specifier (_Nonnull, _Nullable, or _Null_unspecified)
   |                               |- note: insert '_Nullable' if the pointer may be null
   |                               `- note: insert '_Nonnull' if the pointer should never be null
96 | - (BOOL)afcDelete:(NSString *)path error:(NSError **)error;
97 | @end

/Users/builder/clone/Resources/AppFileManager-Bridging-Header.h:20:9: note: in file included from /Users/builder/clone/Resources/AppFileManager-Bridging-Header.h:20:
18 | 
19 | // JITEnableContext - main context for device operations
20 | #import "JITEnableContext.h"
   |         `- note: in file included from /Users/builder/clone/Resources/AppFileManager-Bridging-Header.h:20:
21 | #import "JITEnableContextInternal.h"
22 | 

/Users/builder/clone/Sources/idevice/JITEnableContext.h:95:66: warning: pointer is missing a nullability type specifier (_Nonnull, _Nullable, or _Null_unspecified)
93 | - (NSArray<NSString *> *)afcListDir:(NSString *)path error:(NSError **)error;
94 | - (BOOL)afcPushFile:(NSString *)sourcePath toPath:(NSString *)destPath error:(NSError **)error;
95 | - (BOOL)afcPullFile:(NSString *)devicePath toLocalPath:(NSString *)localPath error:(NSError **)error;
   |                                                                  |- warning: pointer is missing a nullability type specifier (_Nonnull, _Nullable, or _Null_unspecified)
   |                                                                  |- note: insert '_Nullable' if the pointer may be null
   |                                                                  `- note: insert '_Nonnull' if the pointer should never be null
96 | - (BOOL)afcDelete:(NSString *)path error:(NSError **)error;
97 | @end

/Users/builder/clone/Resources/AppFileManager-Bridging-Header.h:20:9: note: in file included from /Users/builder/clone/Resources/AppFileManager-Bridging-Header.h:20:
18 | 
19 | // JITEnableContext - main context for device operations
20 | #import "JITEnableContext.h"
   |         `- note: in file included from /Users/builder/clone/Resources/AppFileManager-Bridging-Header.h:20:
21 | #import "JITEnableContextInternal.h"
22 | 

/Users/builder/clone/Sources/idevice/JITEnableContext.h:95:93: warning: pointer is missing a nullability type specifier (_Nonnull, _Nullable, or _Null_unspecified)
93 | - (NSArray<NSString *> *)afcListDir:(NSString *)path error:(NSError **)error;
94 | - (BOOL)afcPushFile:(NSString *)sourcePath toPath:(NSString *)destPath error:(NSError **)error;
95 | - (BOOL)afcPullFile:(NSString *)devicePath toLocalPath:(NSString *)localPath error:(NSError **)error;
   |                                                                                             |- warning: pointer is missing a nullability type specifier (_Nonnull, _Nullable, or _Null_unspecified)
   |                                                                                             |- note: insert '_Nullable' if the pointer may be null
   |                                                                                             `- note: insert '_Nonnull' if the pointer should never be null
96 | - (BOOL)afcDelete:(NSString *)path error:(NSError **)error;
97 | @end

/Users/builder/clone/Resources/AppFileManager-Bridging-Header.h:20:9: note: in file included from /Users/builder/clone/Resources/AppFileManager-Bridging-Header.h:20:
18 | 
19 | // JITEnableContext - main context for device operations
20 | #import "JITEnableContext.h"
   |         `- note: in file included from /Users/builder/clone/Resources/AppFileManager-Bridging-Header.h:20:
21 | #import "JITEnableContextInternal.h"
22 | 

/Users/builder/clone/Sources/idevice/JITEnableContext.h:95:94: warning: pointer is missing a nullability type specifier (_Nonnull, _Nullable, or _Null_unspecified)
93 | - (NSArray<NSString *> *)afcListDir:(NSString *)path error:(NSError **)error;
94 | - (BOOL)afcPushFile:(NSString *)sourcePath toPath:(NSString *)destPath error:(NSError **)error;
95 | - (BOOL)afcPullFile:(NSString *)devicePath toLocalPath:(NSString *)localPath error:(NSError **)error;
   |                                                                                              |- warning: pointer is missing a nullability type specifier (_Nonnull, _Nullable, or _Null_unspecified)
   |                                                                                              |- note: insert '_Nullable' if the pointer may be null
   |                                                                                              `- note: insert '_Nonnull' if the pointer should never be null
96 | - (BOOL)afcDelete:(NSString *)path error:(NSError **)error;
97 | @end

/Users/builder/clone/Resources/AppFileManager-Bridging-Header.h:20:9: note: in file included from /Users/builder/clone/Resources/AppFileManager-Bridging-Header.h:20:
18 | 
19 | // JITEnableContext - main context for device operations
20 | #import "JITEnableContext.h"
   |         `- note: in file included from /Users/builder/clone/Resources/AppFileManager-Bridging-Header.h:20:
21 | #import "JITEnableContextInternal.h"
22 | 

/Users/builder/clone/Sources/idevice/JITEnableContext.h:96:29: warning: pointer is missing a nullability type specifier (_Nonnull, _Nullable, or _Null_unspecified)
94 | - (BOOL)afcPushFile:(NSString *)sourcePath toPath:(NSString *)destPath error:(NSError **)error;
95 | - (BOOL)afcPullFile:(NSString *)devicePath toLocalPath:(NSString *)localPath error:(NSError **)error;
96 | - (BOOL)afcDelete:(NSString *)path error:(NSError **)error;
   |                             |- warning: pointer is missing a nullability type specifier (_Nonnull, _Nullable, or _Null_unspecified)
   |                             |- note: insert '_Nullable' if the pointer may be null
   |                             `- note: insert '_Nonnull' if the pointer should never be null
97 | @end
98 | 

/Users/builder/clone/Resources/AppFileManager-Bridging-Header.h:20:9: note: in file included from /Users/builder/clone/Resources/AppFileManager-Bridging-Header.h:20:
18 | 
19 | // JITEnableContext - main context for device operations
20 | #import "JITEnableContext.h"
   |         `- note: in file included from /Users/builder/clone/Resources/AppFileManager-Bridging-Header.h:20:
21 | #import "JITEnableContextInternal.h"
22 | 

/Users/builder/clone/Sources/idevice/JITEnableContext.h:96:51: warning: pointer is missing a nullability type specifier (_Nonnull, _Nullable, or _Null_unspecified)
94 | - (BOOL)afcPushFile:(NSString *)sourcePath toPath:(NSString *)destPath error:(NSError **)error;
95 | - (BOOL)afcPullFile:(NSString *)devicePath toLocalPath:(NSString *)localPath error:(NSError **)error;
96 | - (BOOL)afcDelete:(NSString *)path error:(NSError **)error;
   |                                                   |- warning: pointer is missing a nullability type specifier (_Nonnull, _Nullable, or _Null_unspecified)
   |                                                   |- note: insert '_Nullable' if the pointer may be null
   |                                                   `- note: insert '_Nonnull' if the pointer should never be null
97 | @end
98 | 

/Users/builder/clone/Resources/AppFileManager-Bridging-Header.h:20:9: note: in file included from /Users/builder/clone/Resources/AppFileManager-Bridging-Header.h:20:
18 | 
19 | // JITEnableContext - main context for device operations
20 | #import "JITEnableContext.h"
   |         `- note: in file included from /Users/builder/clone/Resources/AppFileManager-Bridging-Header.h:20:
21 | #import "JITEnableContextInternal.h"
22 | 

/Users/builder/clone/Sources/idevice/JITEnableContext.h:96:52: warning: pointer is missing a nullability type specifier (_Nonnull, _Nullable, or _Null_unspecified)
94 | - (BOOL)afcPushFile:(NSString *)sourcePath toPath:(NSString *)destPath error:(NSError **)error;
95 | - (BOOL)afcPullFile:(NSString *)devicePath toLocalPath:(NSString *)localPath error:(NSError **)error;
96 | - (BOOL)afcDelete:(NSString *)path error:(NSError **)error;
   |                                                    |- warning: pointer is missing a nullability type specifier (_Nonnull, _Nullable, or _Null_unspecified)
   |                                                    |- note: insert '_Nullable' if the pointer may be null
   |                                                    `- note: insert '_Nonnull' if the pointer should never be null
97 | @end
98 | 

/Users/builder/clone/Resources/AppFileManager-Bridging-Header.h:17:9: note: in file included from /Users/builder/clone/Resources/AppFileManager-Bridging-Header.h:17:
15 | 
16 | // Profile management
17 | #import "profiles.h"
   |         `- note: in file included from /Users/builder/clone/Resources/AppFileManager-Bridging-Header.h:17:
18 | 
19 | // JITEnableContext - main context for device operations

/Users/builder/clone/Sources/idevice/profiles.h:18:10: warning: pointer is missing a nullability type specifier (_Nonnull, _Nullable, or _Null_unspecified)
16 | @interface CMSDecoderHelper : NSObject
17 | // Decode CMS/PKCS7 data and return decoded payload and any embedded certs
18 | + (NSData*)decodeCMSData:(NSData *)cmsData
   |          |- warning: pointer is missing a nullability type specifier (_Nonnull, _Nullable, or _Null_unspecified)
   |          |- note: insert '_Nullable' if the pointer may be null
   |          `- note: insert '_Nonnull' if the pointer should never be null
19 | //             outCerts:(NSArray<id> * _Nullable * _Nullable)outCerts
20 |                  error:(NSError * _Nullable * _Nullable)error;

/Users/builder/clone/Resources/AppFileManager-Bridging-Header.h:17:9: note: in file included from /Users/builder/clone/Resources/AppFileManager-Bridging-Header.h:17:
15 | 
16 | // Profile management
17 | #import "profiles.h"
   |         `- note: in file included from /Users/builder/clone/Resources/AppFileManager-Bridging-Header.h:17:
18 | 
19 | // JITEnableContext - main context for device operations

/Users/builder/clone/Sources/idevice/profiles.h:18:34: warning: pointer is missing a nullability type specifier (_Nonnull, _Nullable, or _Null_unspecified)
16 | @interface CMSDecoderHelper : NSObject
17 | // Decode CMS/PKCS7 data and return decoded payload and any embedded certs
18 | + (NSData*)decodeCMSData:(NSData *)cmsData
   |                                  |- warning: pointer is missing a nullability type specifier (_Nonnull, _Nullable, or _Null_unspecified)
   |                                  |- note: insert '_Nullable' if the pointer may be null
   |                                  `- note: insert '_Nonnull' if the pointer should never be null
19 | //             outCerts:(NSArray<id> * _Nullable * _Nullable)outCerts
20 |                  error:(NSError * _Nullable * _Nullable)error;

/Users/builder/clone/Resources/AppFileManager-Bridging-Header.h:20:9: note: in file included from /Users/builder/clone/Resources/AppFileManager-Bridging-Header.h:20:
18 | 
19 | // JITEnableContext - main context for device operations
20 | #import "JITEnableContext.h"
   |         `- note: in file included from /Users/builder/clone/Resources/AppFileManager-Bridging-Header.h:20:
21 | #import "JITEnableContextInternal.h"
22 | 

/Users/builder/clone/Sources/idevice/JITEnableContext.h:51:39: warning: pointer is missing a nullability type specifier (_Nonnull, _Nullable, or _Null_unspecified)
49 | 
50 | @interface JITEnableContext(JIT)
51 | - (BOOL)debugAppWithBundleID:(NSString*)bundleID logger:(LogFunc)logger jsCallback:(DebugAppCallback)jsCallback;
   |                                       |- warning: pointer is missing a nullability type specifier (_Nonnull, _Nullable, or _Null_unspecified)
   |                                       |- note: insert '_Nullable' if the pointer may be null
   |                                       `- note: insert '_Nonnull' if the pointer should never be null
52 | - (BOOL)debugAppWithPID:(int)pid logger:(LogFunc)logger jsCallback:(DebugAppCallback)jsCallback;
53 | - (BOOL)launchAppWithoutDebug:(NSString*)bundleID args:(NSArray<NSString *>*)args logger:(LogFunc)logger;

/Users/builder/clone/Resources/AppFileManager-Bridging-Header.h:20:9: note: in file included from /Users/builder/clone/Resources/AppFileManager-Bridging-Header.h:20:
18 | 
19 | // JITEnableContext - main context for device operations
20 | #import "JITEnableContext.h"
   |         `- note: in file included from /Users/builder/clone/Resources/AppFileManager-Bridging-Header.h:20:
21 | #import "JITEnableContextInternal.h"
22 | 

/Users/builder/clone/Sources/idevice/JITEnableContext.h:51:58: warning: block pointer is missing a nullability type specifier (_Nonnull, _Nullable, or _Null_unspecified)
49 | 
50 | @interface JITEnableContext(JIT)
51 | - (BOOL)debugAppWithBundleID:(NSString*)bundleID logger:(LogFunc)logger jsCallback:(DebugAppCallback)jsCallback;
   |                                                          |- warning: block pointer is missing a nullability type specifier (_Nonnull, _Nullable, or _Null_unspecified)
   |                                                          |- note: insert '_Nullable' if the block pointer may be null
   |                                                          `- note: insert '_Nonnull' if the block pointer should never be null
52 | - (BOOL)debugAppWithPID:(int)pid logger:(LogFunc)logger jsCallback:(DebugAppCallback)jsCallback;
53 | - (BOOL)launchAppWithoutDebug:(NSString*)bundleID args:(NSArray<NSString *>*)args logger:(LogFunc)logger;

/Users/builder/clone/Resources/AppFileManager-Bridging-Header.h:20:9: note: in file included from /Users/builder/clone/Resources/AppFileManager-Bridging-Header.h:20:
18 | 
19 | // JITEnableContext - main context for device operations
20 | #import "JITEnableContext.h"
   |         `- note: in file included from /Users/builder/clone/Resources/AppFileManager-Bridging-Header.h:20:
21 | #import "JITEnableContextInternal.h"
22 | 

/Users/builder/clone/Sources/idevice/JITEnableContext.h:51:85: warning: block pointer is missing a nullability type specifier (_Nonnull, _Nullable, or _Null_unspecified)
49 | 
50 | @interface JITEnableContext(JIT)
51 | - (BOOL)debugAppWithBundleID:(NSString*)bundleID logger:(LogFunc)logger jsCallback:(DebugAppCallback)jsCallback;
   |                                                                                     |- warning: block pointer is missing a nullability type specifier (_Nonnull, _Nullable, or _Null_unspecified)
   |                                                                                     |- note: insert '_Nullable' if the block pointer may be null
   |                                                                                     `- note: insert '_Nonnull' if the block pointer should never be null
52 | - (BOOL)debugAppWithPID:(int)pid logger:(LogFunc)logger jsCallback:(DebugAppCallback)jsCallback;
53 | - (BOOL)launchAppWithoutDebug:(NSString*)bundleID args:(NSArray<NSString *>*)args logger:(LogFunc)logger;

/Users/builder/clone/Resources/AppFileManager-Bridging-Header.h:20:9: note: in file included from /Users/builder/clone/Resources/AppFileManager-Bridging-Header.h:20:
18 | 
19 | // JITEnableContext - main context for device operations
20 | #import "JITEnableContext.h"
   |         `- note: in file included from /Users/builder/clone/Resources/AppFileManager-Bridging-Header.h:20:
21 | #import "JITEnableContextInternal.h"
22 | 

/Users/builder/clone/Sources/idevice/JITEnableContext.h:52:42: warning: block pointer is missing a nullability type specifier (_Nonnull, _Nullable, or _Null_unspecified)
50 | @interface JITEnableContext(JIT)
51 | - (BOOL)debugAppWithBundleID:(NSString*)bundleID logger:(LogFunc)logger jsCallback:(DebugAppCallback)jsCallback;
52 | - (BOOL)debugAppWithPID:(int)pid logger:(LogFunc)logger jsCallback:(DebugAppCallback)jsCallback;
   |                                          |- warning: block pointer is missing a nullability type specifier (_Nonnull, _Nullable, or _Null_unspecified)
   |                                          |- note: insert '_Nullable' if the block pointer may be null
   |                                          `- note: insert '_Nonnull' if the block pointer should never be null
53 | - (BOOL)launchAppWithoutDebug:(NSString*)bundleID args:(NSArray<NSString *>*)args logger:(LogFunc)logger;
54 | @end

/Users/builder/clone/Resources/AppFileManager-Bridging-Header.h:20:9: note: in file included from /Users/builder/clone/Resources/AppFileManager-Bridging-Header.h:20:
18 | 
19 | // JITEnableContext - main context for device operations
20 | #import "JITEnableContext.h"
   |         `- note: in file included from /Users/builder/clone/Resources/AppFileManager-Bridging-Header.h:20:
21 | #import "JITEnableContextInternal.h"
22 | 

/Users/builder/clone/Sources/idevice/JITEnableContext.h:52:69: warning: block pointer is missing a nullability type specifier (_Nonnull, _Nullable, or _Null_unspecified)
50 | @interface JITEnableContext(JIT)
51 | - (BOOL)debugAppWithBundleID:(NSString*)bundleID logger:(LogFunc)logger jsCallback:(DebugAppCallback)jsCallback;
52 | - (BOOL)debugAppWithPID:(int)pid logger:(LogFunc)logger jsCallback:(DebugAppCallback)jsCallback;
   |                                                                     |- warning: block pointer is missing a nullability type specifier (_Nonnull, _Nullable, or _Null_unspecified)
   |                                                                     |- note: insert '_Nullable' if the block pointer may be null
   |                                                                     `- note: insert '_Nonnull' if the block pointer should never be null
53 | - (BOOL)launchAppWithoutDebug:(NSString*)bundleID args:(NSArray<NSString *>*)args logger:(LogFunc)logger;
54 | @end

/Users/builder/clone/Resources/AppFileManager-Bridging-Header.h:20:9: note: in file included from /Users/builder/clone/Resources/AppFileManager-Bridging-Header.h:20:
18 | 
19 | // JITEnableContext - main context for device operations
20 | #import "JITEnableContext.h"
   |         `- note: in file included from /Users/builder/clone/Resources/AppFileManager-Bridging-Header.h:20:
21 | #import "JITEnableContextInternal.h"
22 | 

/Users/builder/clone/Sources/idevice/JITEnableContext.h:53:40: warning: pointer is missing a nullability type specifier (_Nonnull, _Nullable, or _Null_unspecified)
51 | - (BOOL)debugAppWithBundleID:(NSString*)bundleID logger:(LogFunc)logger jsCallback:(DebugAppCallback)jsCallback;
52 | - (BOOL)debugAppWithPID:(int)pid logger:(LogFunc)logger jsCallback:(DebugAppCallback)jsCallback;
53 | - (BOOL)launchAppWithoutDebug:(NSString*)bundleID args:(NSArray<NSString *>*)args logger:(LogFunc)logger;
   |                                        |- warning: pointer is missing a nullability type specifier (_Nonnull, _Nullable, or _Null_unspecified)
   |                                        |- note: insert '_Nullable' if the pointer may be null
   |                                        `- note: insert '_Nonnull' if the pointer should never be null
54 | @end
55 | 

/Users/builder/clone/Resources/AppFileManager-Bridging-Header.h:20:9: note: in file included from /Users/builder/clone/Resources/AppFileManager-Bridging-Header.h:20:
18 | 
19 | // JITEnableContext - main context for device operations
20 | #import "JITEnableContext.h"
   |         `- note: in file included from /Users/builder/clone/Resources/AppFileManager-Bridging-Header.h:20:
21 | #import "JITEnableContextInternal.h"
22 | 

/Users/builder/clone/Sources/idevice/JITEnableContext.h:53:76: warning: pointer is missing a nullability type specifier (_Nonnull, _Nullable, or _Null_unspecified)
51 | - (BOOL)debugAppWithBundleID:(NSString*)bundleID logger:(LogFunc)logger jsCallback:(DebugAppCallback)jsCallback;
52 | - (BOOL)debugAppWithPID:(int)pid logger:(LogFunc)logger jsCallback:(DebugAppCallback)jsCallback;
53 | - (BOOL)launchAppWithoutDebug:(NSString*)bundleID args:(NSArray<NSString *>*)args logger:(LogFunc)logger;
   |                                                                            |- warning: pointer is missing a nullability type specifier (_Nonnull, _Nullable, or _Null_unspecified)
   |                                                                            |- note: insert '_Nullable' if the pointer may be null
   |                                                                            `- note: insert '_Nonnull' if the pointer should never be null
54 | @end
55 | 

/Users/builder/clone/Resources/AppFileManager-Bridging-Header.h:20:9: note: in file included from /Users/builder/clone/Resources/AppFileManager-Bridging-Header.h:20:
18 | 
19 | // JITEnableContext - main context for device operations
20 | #import "JITEnableContext.h"
   |         `- note: in file included from /Users/builder/clone/Resources/AppFileManager-Bridging-Header.h:20:
21 | #import "JITEnableContextInternal.h"
22 | 

/Users/builder/clone/Sources/idevice/JITEnableContext.h:53:91: warning: block pointer is missing a nullability type specifier (_Nonnull, _Nullable, or _Null_unspecified)
51 | - (BOOL)debugAppWithBundleID:(NSString*)bundleID logger:(LogFunc)logger jsCallback:(DebugAppCallback)jsCallback;
52 | - (BOOL)debugAppWithPID:(int)pid logger:(LogFunc)logger jsCallback:(DebugAppCallback)jsCallback;
53 | - (BOOL)launchAppWithoutDebug:(NSString*)bundleID args:(NSArray<NSString *>*)args logger:(LogFunc)logger;
   |                                                                                           |- warning: block pointer is missing a nullability type specifier (_Nonnull, _Nullable, or _Null_unspecified)
   |                                                                                           |- note: insert '_Nullable' if the block pointer may be null
   |                                                                                           `- note: insert '_Nonnull' if the block pointer should never be null
54 | @end
55 | 

/Users/builder/clone/Resources/AppFileManager-Bridging-Header.h:20:9: note: in file included from /Users/builder/clone/Resources/AppFileManager-Bridging-Header.h:20:
18 | 
19 | // JITEnableContext - main context for device operations
20 | #import "JITEnableContext.h"
   |         `- note: in file included from /Users/builder/clone/Resources/AppFileManager-Bridging-Header.h:20:
21 | #import "JITEnableContextInternal.h"
22 | 

/Users/builder/clone/Sources/idevice/JITEnableContext.h:57:45: warning: pointer is missing a nullability type specifier (_Nonnull, _Nullable, or _Null_unspecified)
55 | 
56 | @interface JITEnableContext(DDI)
57 | - (NSUInteger)getMountedDeviceCount:(NSError**)error __attribute__((swift_error(zero_result)));
   |                                             |- warning: pointer is missing a nullability type specifier (_Nonnull, _Nullable, or _Null_unspecified)
   |                                             |- note: insert '_Nullable' if the pointer may be null
   |                                             `- note: insert '_Nonnull' if the pointer should never be null
58 | - (NSInteger)mountPersonalDDIWithImagePath:(NSString*)imagePath trustcachePath:(NSString*)trustcachePath manifestPath:(NSString*)manifestPath error:(NSError**)error __attribute__((swift_error(nonzero_result)));
59 | @end

/Users/builder/clone/Resources/AppFileManager-Bridging-Header.h:20:9: note: in file included from /Users/builder/clone/Resources/AppFileManager-Bridging-Header.h:20:
18 | 
19 | // JITEnableContext - main context for device operations
20 | #import "JITEnableContext.h"
   |         `- note: in file included from /Users/builder/clone/Resources/AppFileManager-Bridging-Header.h:20:
21 | #import "JITEnableContextInternal.h"
22 | 

/Users/builder/clone/Sources/idevice/JITEnableContext.h:57:46: warning: pointer is missing a nullability type specifier (_Nonnull, _Nullable, or _Null_unspecified)
55 | 
56 | @interface JITEnableContext(DDI)
57 | - (NSUInteger)getMountedDeviceCount:(NSError**)error __attribute__((swift_error(zero_result)));
   |                                              |- warning: pointer is missing a nullability type specifier (_Nonnull, _Nullable, or _Null_unspecified)
   |                                              |- note: insert '_Nullable' if the pointer may be null
   |                                              `- note: insert '_Nonnull' if the pointer should never be null
58 | - (NSInteger)mountPersonalDDIWithImagePath:(NSString*)imagePath trustcachePath:(NSString*)trustcachePath manifestPath:(NSString*)manifestPath error:(NSError**)error __attribute__((swift_error(nonzero_result)));
59 | @end

/Users/builder/clone/Resources/AppFileManager-Bridging-Header.h:20:9: note: in file included from /Users/builder/clone/Resources/AppFileManager-Bridging-Header.h:20:
18 | 
19 | // JITEnableContext - main context for device operations
20 | #import "JITEnableContext.h"
   |         `- note: in file included from /Users/builder/clone/Resources/AppFileManager-Bridging-Header.h:20:
21 | #import "JITEnableContextInternal.h"
22 | 

/Users/builder/clone/Sources/idevice/JITEnableContext.h:58:53: warning: pointer is missing a nullability type specifier (_Nonnull, _Nullable, or _Null_unspecified)
56 | @interface JITEnableContext(DDI)
57 | - (NSUInteger)getMountedDeviceCount:(NSError**)error __attribute__((swift_error(zero_result)));
58 | - (NSInteger)mountPersonalDDIWithImagePath:(NSString*)imagePath trustcachePath:(NSString*)trustcachePath manifestPath:(NSString*)manifestPath error:(NSError**)error __attribute__((swift_error(nonzero_result)));
   |                                                     |- warning: pointer is missing a nullability type specifier (_Nonnull, _Nullable, or _Null_unspecified)
   |                                                     |- note: insert '_Nullable' if the pointer may be null
   |                                                     `- note: insert '_Nonnull' if the pointer should never be null
59 | @end
60 | 

/Users/builder/clone/Resources/AppFileManager-Bridging-Header.h:20:9: note: in file included from /Users/builder/clone/Resources/AppFileManager-Bridging-Header.h:20:
18 | 
19 | // JITEnableContext - main context for device operations
20 | #import "JITEnableContext.h"
   |         `- note: in file included from /Users/builder/clone/Resources/AppFileManager-Bridging-Header.h:20:
21 | #import "JITEnableContextInternal.h"
22 | 

/Users/builder/clone/Sources/idevice/JITEnableContext.h:58:89: warning: pointer is missing a nullability type specifier (_Nonnull, _Nullable, or _Null_unspecified)
56 | @interface JITEnableContext(DDI)
57 | - (NSUInteger)getMountedDeviceCount:(NSError**)error __attribute__((swift_error(zero_result)));
58 | - (NSInteger)mountPersonalDDIWithImagePath:(NSString*)imagePath trustcachePath:(NSString*)trustcachePath manifestPath:(NSString*)manifestPath error:(NSError**)error __attribute__((swift_error(nonzero_result)));
   |                                                                                         |- warning: pointer is missing a nullability type specifier (_Nonnull, _Nullable, or _Null_unspecified)
   |                                                                                         |- note: insert '_Nullable' if the pointer may be null
   |                                                                                         `- note: insert '_Nonnull' if the pointer should never be null
59 | @end
60 | 

/Users/builder/clone/Resources/AppFileManager-Bridging-Header.h:20:9: note: in file included from /Users/builder/clone/Resources/AppFileManager-Bridging-Header.h:20:
18 | 
19 | // JITEnableContext - main context for device operations
20 | #import "JITEnableContext.h"
   |         `- note: in file included from /Users/builder/clone/Resources/AppFileManager-Bridging-Header.h:20:
21 | #import "JITEnableContextInternal.h"
22 | 

/Users/builder/clone/Sources/idevice/JITEnableContext.h:58:128: warning: pointer is missing a nullability type specifier (_Nonnull, _Nullable, or _Null_unspecified)
56 | @interface JITEnableContext(DDI)
57 | - (NSUInteger)getMountedDeviceCount:(NSError**)error __attribute__((swift_error(zero_result)));
58 | - (NSInteger)mountPersonalDDIWithImagePath:(NSString*)imagePath trustcachePath:(NSString*)trustcachePath manifestPath:(NSString*)manifestPath error:(NSError**)error __attribute__((swift_error(nonzero_result)));
   |                                                                                                                                |- warning: pointer is missing a nullability type specifier (_Nonnull, _Nullable, or _Null_unspecified)
   |                                                                                                                                |- note: insert '_Nullable' if the pointer may be null
   |                                                                                                                                `- note: insert '_Nonnull' if the pointer should never be null
59 | @end
60 | 

/Users/builder/clone/Resources/AppFileManager-Bridging-Header.h:20:9: note: in file included from /Users/builder/clone/Resources/AppFileManager-Bridging-Header.h:20:
18 | 
19 | // JITEnableContext - main context for device operations
20 | #import "JITEnableContext.h"
   |         `- note: in file included from /Users/builder/clone/Resources/AppFileManager-Bridging-Header.h:20:
21 | #import "JITEnableContextInternal.h"
22 | 

/Users/builder/clone/Sources/idevice/JITEnableContext.h:58:157: warning: pointer is missing a nullability type specifier (_Nonnull, _Nullable, or _Null_unspecified)
56 | @interface JITEnableContext(DDI)
57 | - (NSUInteger)getMountedDeviceCount:(NSError**)error __attribute__((swift_error(zero_result)));
58 | - (NSInteger)mountPersonalDDIWithImagePath:(NSString*)imagePath trustcachePath:(NSString*)trustcachePath manifestPath:(NSString*)manifestPath error:(NSError**)error __attribute__((swift_error(nonzero_result)));
   |                                                                                                                                                             |- warning: pointer is missing a nullability type specifier (_Nonnull, _Nullable, or _Null_unspecified)
   |                                                                                                                                                             |- note: insert '_Nullable' if the pointer may be null
   |                                                                                                                                                             `- note: insert '_Nonnull' if the pointer should never be null
59 | @end
60 | 

/Users/builder/clone/Resources/AppFileManager-Bridging-Header.h:20:9: note: in file included from /Users/builder/clone/Resources/AppFileManager-Bridging-Header.h:20:
18 | 
19 | // JITEnableContext - main context for device operations
20 | #import "JITEnableContext.h"
   |         `- note: in file included from /Users/builder/clone/Resources/AppFileManager-Bridging-Header.h:20:
21 | #import "JITEnableContextInternal.h"
22 | 

/Users/builder/clone/Sources/idevice/JITEnableContext.h:58:158: warning: pointer is missing a nullability type specifier (_Nonnull, _Nullable, or _Null_unspecified)
56 | @interface JITEnableContext(DDI)
57 | - (NSUInteger)getMountedDeviceCount:(NSError**)error __attribute__((swift_error(zero_result)));
58 | - (NSInteger)mountPersonalDDIWithImagePath:(NSString*)imagePath trustcachePath:(NSString*)trustcachePath manifestPath:(NSString*)manifestPath error:(NSError**)error __attribute__((swift_error(nonzero_result)));
   |                                                                                                                                                              |- warning: pointer is missing a nullability type specifier (_Nonnull, _Nullable, or _Null_unspecified)
   |                                                                                                                                                              |- note: insert '_Nullable' if the pointer may be null
   |                                                                                                                                                              `- note: insert '_Nonnull' if the pointer should never be null
59 | @end
60 | 

/Users/builder/clone/Resources/AppFileManager-Bridging-Header.h:20:9: note: in file included from /Users/builder/clone/Resources/AppFileManager-Bridging-Header.h:20:
18 | 
19 | // JITEnableContext - main context for device operations
20 | #import "JITEnableContext.h"
   |         `- note: in file included from /Users/builder/clone/Resources/AppFileManager-Bridging-Header.h:20:
21 | #import "JITEnableContextInternal.h"
22 | 

/Users/builder/clone/Sources/idevice/JITEnableContext.h:62:20: warning: pointer is missing a nullability type specifier (_Nonnull, _Nullable, or _Null_unspecified)
60 | 
61 | @interface JITEnableContext(Profile)
62 | - (NSArray<NSData*>*)fetchAllProfiles:(NSError **)error;
   |                    |- warning: pointer is missing a nullability type specifier (_Nonnull, _Nullable, or _Null_unspecified)
   |                    |- note: insert '_Nullable' if the pointer may be null
   |                    `- note: insert '_Nonnull' if the pointer should never be null
63 | - (BOOL)removeProfileWithUUID:(NSString*)uuid error:(NSError **)error;
64 | - (BOOL)addProfile:(NSData*)profile error:(NSError **)error;

/Users/builder/clone/Resources/AppFileManager-Bridging-Header.h:20:9: note: in file included from /Users/builder/clone/Resources/AppFileManager-Bridging-Header.h:20:
18 | 
19 | // JITEnableContext - main context for device operations
20 | #import "JITEnableContext.h"
   |         `- note: in file included from /Users/builder/clone/Resources/AppFileManager-Bridging-Header.h:20:
21 | #import "JITEnableContextInternal.h"
22 | 

/Users/builder/clone/Sources/idevice/JITEnableContext.h:62:48: warning: pointer is missing a nullability type specifier (_Nonnull, _Nullable, or _Null_unspecified)
60 | 
61 | @interface JITEnableContext(Profile)
62 | - (NSArray<NSData*>*)fetchAllProfiles:(NSError **)error;
   |                                                |- warning: pointer is missing a nullability type specifier (_Nonnull, _Nullable, or _Null_unspecified)
   |                                                |- note: insert '_Nullable' if the pointer may be null
   |                                                `- note: insert '_Nonnull' if the pointer should never be null
63 | - (BOOL)removeProfileWithUUID:(NSString*)uuid error:(NSError **)error;
64 | - (BOOL)addProfile:(NSData*)profile error:(NSError **)error;

/Users/builder/clone/Resources/AppFileManager-Bridging-Header.h:20:9: note: in file included from /Users/builder/clone/Resources/AppFileManager-Bridging-Header.h:20:
18 | 
19 | // JITEnableContext - main context for device operations
20 | #import "JITEnableContext.h"
   |         `- note: in file included from /Users/builder/clone/Resources/AppFileManager-Bridging-Header.h:20:
21 | #import "JITEnableContextInternal.h"
22 | 

/Users/builder/clone/Sources/idevice/JITEnableContext.h:62:49: warning: pointer is missing a nullability type specifier (_Nonnull, _Nullable, or _Null_unspecified)
60 | 
61 | @interface JITEnableContext(Profile)
62 | - (NSArray<NSData*>*)fetchAllProfiles:(NSError **)error;
   |                                                 |- warning: pointer is missing a nullability type specifier (_Nonnull, _Nullable, or _Null_unspecified)
   |                                                 |- note: insert '_Nullable' if the pointer may be null
   |                                                 `- note: insert '_Nonnull' if the pointer should never be null
63 | - (BOOL)removeProfileWithUUID:(NSString*)uuid error:(NSError **)error;
64 | - (BOOL)addProfile:(NSData*)profile error:(NSError **)error;

/Users/builder/clone/Resources/AppFileManager-Bridging-Header.h:20:9: note: in file included from /Users/builder/clone/Resources/AppFileManager-Bridging-Header.h:20:
18 | 
19 | // JITEnableContext - main context for device operations
20 | #import "JITEnableContext.h"
   |         `- note: in file included from /Users/builder/clone/Resources/AppFileManager-Bridging-Header.h:20:
21 | #import "JITEnableContextInternal.h"
22 | 

/Users/builder/clone/Sources/idevice/JITEnableContext.h:63:40: warning: pointer is missing a nullability type specifier (_Nonnull, _Nullable, or _Null_unspecified)
61 | @interface JITEnableContext(Profile)
62 | - (NSArray<NSData*>*)fetchAllProfiles:(NSError **)error;
63 | - (BOOL)removeProfileWithUUID:(NSString*)uuid error:(NSError **)error;
   |                                        |- warning: pointer is missing a nullability type specifier (_Nonnull, _Nullable, or _Null_unspecified)
   |                                        |- note: insert '_Nullable' if the pointer may be null
   |                                        `- note: insert '_Nonnull' if the pointer should never be null
64 | - (BOOL)addProfile:(NSData*)profile error:(NSError **)error;
65 | @end

/Users/builder/clone/Resources/AppFileManager-Bridging-Header.h:20:9: note: in file included from /Users/builder/clone/Resources/AppFileManager-Bridging-Header.h:20:
18 | 
19 | // JITEnableContext - main context for device operations
20 | #import "JITEnableContext.h"
   |         `- note: in file included from /Users/builder/clone/Resources/AppFileManager-Bridging-Header.h:20:
21 | #import "JITEnableContextInternal.h"
22 | 

/Users/builder/clone/Sources/idevice/JITEnableContext.h:63:62: warning: pointer is missing a nullability type specifier (_Nonnull, _Nullable, or _Null_unspecified)
61 | @interface JITEnableContext(Profile)
62 | - (NSArray<NSData*>*)fetchAllProfiles:(NSError **)error;
63 | - (BOOL)removeProfileWithUUID:(NSString*)uuid error:(NSError **)error;
   |                                                              |- warning: pointer is missing a nullability type specifier (_Nonnull, _Nullable, or _Null_unspecified)
   |                                                              |- note: insert '_Nullable' if the pointer may be null
   |                                                              `- note: insert '_Nonnull' if the pointer should never be null
64 | - (BOOL)addProfile:(NSData*)profile error:(NSError **)error;
65 | @end

/Users/builder/clone/Resources/AppFileManager-Bridging-Header.h:20:9: note: in file included from /Users/builder/clone/Resources/AppFileManager-Bridging-Header.h:20:
18 | 
19 | // JITEnableContext - main context for device operations
20 | #import "JITEnableContext.h"
   |         `- note: in file included from /Users/builder/clone/Resources/AppFileManager-Bridging-Header.h:20:
21 | #import "JITEnableContextInternal.h"
22 | 

/Users/builder/clone/Sources/idevice/JITEnableContext.h:63:63: warning: pointer is missing a nullability type specifier (_Nonnull, _Nullable, or _Null_unspecified)
61 | @interface JITEnableContext(Profile)
62 | - (NSArray<NSData*>*)fetchAllProfiles:(NSError **)error;
63 | - (BOOL)removeProfileWithUUID:(NSString*)uuid error:(NSError **)error;
   |                                                               |- warning: pointer is missing a nullability type specifier (_Nonnull, _Nullable, or _Null_unspecified)
   |                                                               |- note: insert '_Nullable' if the pointer may be null
   |                                                               `- note: insert '_Nonnull' if the pointer should never be null
64 | - (BOOL)addProfile:(NSData*)profile error:(NSError **)error;
65 | @end

/Users/builder/clone/Resources/AppFileManager-Bridging-Header.h:20:9: note: in file included from /Users/builder/clone/Resources/AppFileManager-Bridging-Header.h:20:
18 | 
19 | // JITEnableContext - main context for device operations
20 | #import "JITEnableContext.h"
   |         `- note: in file included from /Users/builder/clone/Resources/AppFileManager-Bridging-Header.h:20:
21 | #import "JITEnableContextInternal.h"
22 | 

/Users/builder/clone/Sources/idevice/JITEnableContext.h:64:27: warning: pointer is missing a nullability type specifier (_Nonnull, _Nullable, or _Null_unspecified)
62 | - (NSArray<NSData*>*)fetchAllProfiles:(NSError **)error;
63 | - (BOOL)removeProfileWithUUID:(NSString*)uuid error:(NSError **)error;
64 | - (BOOL)addProfile:(NSData*)profile error:(NSError **)error;
   |                           |- warning: pointer is missing a nullability type specifier (_Nonnull, _Nullable, or _Null_unspecified)
   |                           |- note: insert '_Nullable' if the pointer may be null
   |                           `- note: insert '_Nonnull' if the pointer should never be null
65 | @end
66 | 

/Users/builder/clone/Resources/AppFileManager-Bridging-Header.h:20:9: note: in file included from /Users/builder/clone/Resources/AppFileManager-Bridging-Header.h:20:
18 | 
19 | // JITEnableContext - main context for device operations
20 | #import "JITEnableContext.h"
   |         `- note: in file included from /Users/builder/clone/Resources/AppFileManager-Bridging-Header.h:20:
21 | #import "JITEnableContextInternal.h"
22 | 

/Users/builder/clone/Sources/idevice/JITEnableContext.h:64:52: warning: pointer is missing a nullability type specifier (_Nonnull, _Nullable, or _Null_unspecified)
62 | - (NSArray<NSData*>*)fetchAllProfiles:(NSError **)error;
63 | - (BOOL)removeProfileWithUUID:(NSString*)uuid error:(NSError **)error;
64 | - (BOOL)addProfile:(NSData*)profile error:(NSError **)error;
   |                                                    |- warning: pointer is missing a nullability type specifier (_Nonnull, _Nullable, or _Null_unspecified)
   |                                                    |- note: insert '_Nullable' if the pointer may be null
   |                                                    `- note: insert '_Nonnull' if the pointer should never be null
65 | @end
66 | 

/Users/builder/clone/Resources/AppFileManager-Bridging-Header.h:20:9: note: in file included from /Users/builder/clone/Resources/AppFileManager-Bridging-Header.h:20:
18 | 
19 | // JITEnableContext - main context for device operations
20 | #import "JITEnableContext.h"
   |         `- note: in file included from /Users/builder/clone/Resources/AppFileManager-Bridging-Header.h:20:
21 | #import "JITEnableContextInternal.h"
22 | 

/Users/builder/clone/Sources/idevice/JITEnableContext.h:64:53: warning: pointer is missing a nullability type specifier (_Nonnull, _Nullable, or _Null_unspecified)
62 | - (NSArray<NSData*>*)fetchAllProfiles:(NSError **)error;
63 | - (BOOL)removeProfileWithUUID:(NSString*)uuid error:(NSError **)error;
64 | - (BOOL)addProfile:(NSData*)profile error:(NSError **)error;
   |                                                     |- warning: pointer is missing a nullability type specifier (_Nonnull, _Nullable, or _Null_unspecified)
   |                                                     |- note: insert '_Nullable' if the pointer may be null
   |                                                     `- note: insert '_Nonnull' if the pointer should never be null
65 | @end
66 | 

/Users/builder/clone/Resources/AppFileManager-Bridging-Header.h:20:9: note: in file included from /Users/builder/clone/Resources/AppFileManager-Bridging-Header.h:20:
18 | 
19 | // JITEnableContext - main context for device operations
20 | #import "JITEnableContext.h"
   |         `- note: in file included from /Users/builder/clone/Resources/AppFileManager-Bridging-Header.h:20:
21 | #import "JITEnableContextInternal.h"
22 | 

/Users/builder/clone/Sources/idevice/JITEnableContext.h:68:26: warning: pointer is missing a nullability type specifier (_Nonnull, _Nullable, or _Null_unspecified)
66 | 
67 | @interface JITEnableContext(Process)
68 | - (NSArray<NSDictionary*>*)fetchProcessListWithError:(NSError**)error;
   |                          |- warning: pointer is missing a nullability type specifier (_Nonnull, _Nullable, or _Null_unspecified)
   |                          |- note: insert '_Nullable' if the pointer may be null
   |                          `- note: insert '_Nonnull' if the pointer should never be null
69 | - (BOOL)killProcessWithPID:(int)pid signal:(int)signal error:(NSError **)error;
70 | @end

/Users/builder/clone/Resources/AppFileManager-Bridging-Header.h:20:9: note: in file included from /Users/builder/clone/Resources/AppFileManager-Bridging-Header.h:20:
18 | 
19 | // JITEnableContext - main context for device operations
20 | #import "JITEnableContext.h"
   |         `- note: in file included from /Users/builder/clone/Resources/AppFileManager-Bridging-Header.h:20:
21 | #import "JITEnableContextInternal.h"
22 | 

/Users/builder/clone/Sources/idevice/JITEnableContext.h:68:62: warning: pointer is missing a nullability type specifier (_Nonnull, _Nullable, or _Null_unspecified)
66 | 
67 | @interface JITEnableContext(Process)
68 | - (NSArray<NSDictionary*>*)fetchProcessListWithError:(NSError**)error;
   |                                                              |- warning: pointer is missing a nullability type specifier (_Nonnull, _Nullable, or _Null_unspecified)
   |                                                              |- note: insert '_Nullable' if the pointer may be null
   |                                                              `- note: insert '_Nonnull' if the pointer should never be null
69 | - (BOOL)killProcessWithPID:(int)pid signal:(int)signal error:(NSError **)error;
70 | @end

/Users/builder/clone/Resources/AppFileManager-Bridging-Header.h:20:9: note: in file included from /Users/builder/clone/Resources/AppFileManager-Bridging-Header.h:20:
18 | 
19 | // JITEnableContext - main context for device operations
20 | #import "JITEnableContext.h"
   |         `- note: in file included from /Users/builder/clone/Resources/AppFileManager-Bridging-Header.h:20:
21 | #import "JITEnableContextInternal.h"
22 | 

/Users/builder/clone/Sources/idevice/JITEnableContext.h:68:63: warning: pointer is missing a nullability type specifier (_Nonnull, _Nullable, or _Null_unspecified)
66 | 
67 | @interface JITEnableContext(Process)
68 | - (NSArray<NSDictionary*>*)fetchProcessListWithError:(NSError**)error;
   |                                                               |- warning: pointer is missing a nullability type specifier (_Nonnull, _Nullable, or _Null_unspecified)
   |                                                               |- note: insert '_Nullable' if the pointer may be null
   |                                                               `- note: insert '_Nonnull' if the pointer should never be null
69 | - (BOOL)killProcessWithPID:(int)pid signal:(int)signal error:(NSError **)error;
70 | @end

/Users/builder/clone/Resources/AppFileManager-Bridging-Header.h:20:9: note: in file included from /Users/builder/clone/Resources/AppFileManager-Bridging-Header.h:20:
18 | 
19 | // JITEnableContext - main context for device operations
20 | #import "JITEnableContext.h"
   |         `- note: in file included from /Users/builder/clone/Resources/AppFileManager-Bridging-Header.h:20:
21 | #import "JITEnableContextInternal.h"
22 | 

/Users/builder/clone/Sources/idevice/JITEnableContext.h:69:71: warning: pointer is missing a nullability type specifier (_Nonnull, _Nullable, or _Null_unspecified)
67 | @interface JITEnableContext(Process)
68 | - (NSArray<NSDictionary*>*)fetchProcessListWithError:(NSError**)error;
69 | - (BOOL)killProcessWithPID:(int)pid signal:(int)signal error:(NSError **)error;
   |                                                                       |- warning: pointer is missing a nullability type specifier (_Nonnull, _Nullable, or _Null_unspecified)
   |                                                                       |- note: insert '_Nullable' if the pointer may be null
   |                                                                       `- note: insert '_Nonnull' if the pointer should never be null
70 | @end
71 | 

/Users/builder/clone/Resources/AppFileManager-Bridging-Header.h:20:9: note: in file included from /Users/builder/clone/Resources/AppFileManager-Bridging-Header.h:20:
18 | 
19 | // JITEnableContext - main context for device operations
20 | #import "JITEnableContext.h"
   |         `- note: in file included from /Users/builder/clone/Resources/AppFileManager-Bridging-Header.h:20:
21 | #import "JITEnableContextInternal.h"
22 | 

/Users/builder/clone/Sources/idevice/JITEnableContext.h:69:72: warning: pointer is missing a nullability type specifier (_Nonnull, _Nullable, or _Null_unspecified)
67 | @interface JITEnableContext(Process)
68 | - (NSArray<NSDictionary*>*)fetchProcessListWithError:(NSError**)error;
69 | - (BOOL)killProcessWithPID:(int)pid signal:(int)signal error:(NSError **)error;
   |                                                                        |- warning: pointer is missing a nullability type specifier (_Nonnull, _Nullable, or _Null_unspecified)
   |                                                                        |- note: insert '_Nullable' if the pointer may be null
   |                                                                        `- note: insert '_Nonnull' if the pointer should never be null
70 | @end
71 | 

/Users/builder/clone/Resources/AppFileManager-Bridging-Header.h:20:9: note: in file included from /Users/builder/clone/Resources/AppFileManager-Bridging-Header.h:20:
18 | 
19 | // JITEnableContext - main context for device operations
20 | #import "JITEnableContext.h"
   |         `- note: in file included from /Users/builder/clone/Resources/AppFileManager-Bridging-Header.h:20:
21 | #import "JITEnableContextInternal.h"
22 | 

/Users/builder/clone/Sources/idevice/JITEnableContext.h:73:11: warning: pointer is missing a nullability type specifier (_Nonnull, _Nullable, or _Null_unspecified)
71 | 
72 | @interface JITEnableContext(App)
73 | - (UIImage*)getAppIconWithBundleId:(NSString*)bundleId error:(NSError**)error;
   |           |- warning: pointer is missing a nullability type specifier (_Nonnull, _Nullable, or _Null_unspecified)
   |           |- note: insert '_Nullable' if the pointer may be null
   |           `- note: insert '_Nonnull' if the pointer should never be null
74 | - (NSDictionary<NSString*, NSString*>*)getAppListWithError:(NSError**)error;
75 | - (NSDictionary<NSString*, NSString*>*)getAllAppsWithError:(NSError**)error;

/Users/builder/clone/Resources/AppFileManager-Bridging-Header.h:20:9: note: in file included from /Users/builder/clone/Resources/AppFileManager-Bridging-Header.h:20:
18 | 
19 | // JITEnableContext - main context for device operations
20 | #import "JITEnableContext.h"
   |         `- note: in file included from /Users/builder/clone/Resources/AppFileManager-Bridging-Header.h:20:
21 | #import "JITEnableContextInternal.h"
22 | 

/Users/builder/clone/Sources/idevice/JITEnableContext.h:73:45: warning: pointer is missing a nullability type specifier (_Nonnull, _Nullable, or _Null_unspecified)
71 | 
72 | @interface JITEnableContext(App)
73 | - (UIImage*)getAppIconWithBundleId:(NSString*)bundleId error:(NSError**)error;
   |                                             |- warning: pointer is missing a nullability type specifier (_Nonnull, _Nullable, or _Null_unspecified)
   |                                             |- note: insert '_Nullable' if the pointer may be null
   |                                             `- note: insert '_Nonnull' if the pointer should never be null
74 | - (NSDictionary<NSString*, NSString*>*)getAppListWithError:(NSError**)error;
75 | - (NSDictionary<NSString*, NSString*>*)getAllAppsWithError:(NSError**)error;

/Users/builder/clone/Resources/AppFileManager-Bridging-Header.h:20:9: note: in file included from /Users/builder/clone/Resources/AppFileManager-Bridging-Header.h:20:
18 | 
19 | // JITEnableContext - main context for device operations
20 | #import "JITEnableContext.h"
   |         `- note: in file included from /Users/builder/clone/Resources/AppFileManager-Bridging-Header.h:20:
21 | #import "JITEnableContextInternal.h"
22 | 

/Users/builder/clone/Sources/idevice/JITEnableContext.h:73:70: warning: pointer is missing a nullability type specifier (_Nonnull, _Nullable, or _Null_unspecified)
71 | 
72 | @interface JITEnableContext(App)
73 | - (UIImage*)getAppIconWithBundleId:(NSString*)bundleId error:(NSError**)error;
   |                                                                      |- warning: pointer is missing a nullability type specifier (_Nonnull, _Nullable, or _Null_unspecified)
   |                                                                      |- note: insert '_Nullable' if the pointer may be null
   |                                                                      `- note: insert '_Nonnull' if the pointer should never be null
74 | - (NSDictionary<NSString*, NSString*>*)getAppListWithError:(NSError**)error;
75 | - (NSDictionary<NSString*, NSString*>*)getAllAppsWithError:(NSError**)error;

/Users/builder/clone/Resources/AppFileManager-Bridging-Header.h:20:9: note: in file included from /Users/builder/clone/Resources/AppFileManager-Bridging-Header.h:20:
18 | 
19 | // JITEnableContext - main context for device operations
20 | #import "JITEnableContext.h"
   |         `- note: in file included from /Users/builder/clone/Resources/AppFileManager-Bridging-Header.h:20:
21 | #import "JITEnableContextInternal.h"
22 | 

/Users/builder/clone/Sources/idevice/JITEnableContext.h:73:71: warning: pointer is missing a nullability type specifier (_Nonnull, _Nullable, or _Null_unspecified)
71 | 
72 | @interface JITEnableContext(App)
73 | - (UIImage*)getAppIconWithBundleId:(NSString*)bundleId error:(NSError**)error;
   |                                                                       |- warning: pointer is missing a nullability type specifier (_Nonnull, _Nullable, or _Null_unspecified)
   |                                                                       |- note: insert '_Nullable' if the pointer may be null
   |                                                                       `- note: insert '_Nonnull' if the pointer should never be null
74 | - (NSDictionary<NSString*, NSString*>*)getAppListWithError:(NSError**)error;
75 | - (NSDictionary<NSString*, NSString*>*)getAllAppsWithError:(NSError**)error;

/Users/builder/clone/Resources/AppFileManager-Bridging-Header.h:20:9: note: in file included from /Users/builder/clone/Resources/AppFileManager-Bridging-Header.h:20:
18 | 
19 | // JITEnableContext - main context for device operations
20 | #import "JITEnableContext.h"
   |         `- note: in file included from /Users/builder/clone/Resources/AppFileManager-Bridging-Header.h:20:
21 | #import "JITEnableContextInternal.h"
22 | 

/Users/builder/clone/Sources/idevice/JITEnableContext.h:74:38: warning: pointer is missing a nullability type specifier (_Nonnull, _Nullable, or _Null_unspecified)
72 | @interface JITEnableContext(App)
73 | - (UIImage*)getAppIconWithBundleId:(NSString*)bundleId error:(NSError**)error;
74 | - (NSDictionary<NSString*, NSString*>*)getAppListWithError:(NSError**)error;
   |                                      |- warning: pointer is missing a nullability type specifier (_Nonnull, _Nullable, or _Null_unspecified)
   |                                      |- note: insert '_Nullable' if the pointer may be null
   |                                      `- note: insert '_Nonnull' if the pointer should never be null
75 | - (NSDictionary<NSString*, NSString*>*)getAllAppsWithError:(NSError**)error;
76 | - (NSDictionary<NSString*, NSString*>*)getHiddenSystemAppsWithError:(NSError**)error;

/Users/builder/clone/Resources/AppFileManager-Bridging-Header.h:20:9: note: in file included from /Users/builder/clone/Resources/AppFileManager-Bridging-Header.h:20:
18 | 
19 | // JITEnableContext - main context for device operations
20 | #import "JITEnableContext.h"
   |         `- note: in file included from /Users/builder/clone/Resources/AppFileManager-Bridging-Header.h:20:
21 | #import "JITEnableContextInternal.h"
22 | 

/Users/builder/clone/Sources/idevice/JITEnableContext.h:74:68: warning: pointer is missing a nullability type specifier (_Nonnull, _Nullable, or _Null_unspecified)
72 | @interface JITEnableContext(App)
73 | - (UIImage*)getAppIconWithBundleId:(NSString*)bundleId error:(NSError**)error;
74 | - (NSDictionary<NSString*, NSString*>*)getAppListWithError:(NSError**)error;
   |                                                                    |- warning: pointer is missing a nullability type specifier (_Nonnull, _Nullable, or _Null_unspecified)
   |                                                                    |- note: insert '_Nullable' if the pointer may be null
   |                                                                    `- note: insert '_Nonnull' if the pointer should never be null
75 | - (NSDictionary<NSString*, NSString*>*)getAllAppsWithError:(NSError**)error;
76 | - (NSDictionary<NSString*, NSString*>*)getHiddenSystemAppsWithError:(NSError**)error;

/Users/builder/clone/Resources/AppFileManager-Bridging-Header.h:20:9: note: in file included from /Users/builder/clone/Resources/AppFileManager-Bridging-Header.h:20:
18 | 
19 | // JITEnableContext - main context for device operations
20 | #import "JITEnableContext.h"
   |         `- note: in file included from /Users/builder/clone/Resources/AppFileManager-Bridging-Header.h:20:
21 | #import "JITEnableContextInternal.h"
22 | 

/Users/builder/clone/Sources/idevice/JITEnableContext.h:74:69: warning: pointer is missing a nullability type specifier (_Nonnull, _Nullable, or _Null_unspecified)
72 | @interface JITEnableContext(App)
73 | - (UIImage*)getAppIconWithBundleId:(NSString*)bundleId error:(NSError**)error;
74 | - (NSDictionary<NSString*, NSString*>*)getAppListWithError:(NSError**)error;
   |                                                                     |- warning: pointer is missing a nullability type specifier (_Nonnull, _Nullable, or _Null_unspecified)
   |                                                                     |- note: insert '_Nullable' if the pointer may be null
   |                                                                     `- note: insert '_Nonnull' if the pointer should never be null
75 | - (NSDictionary<NSString*, NSString*>*)getAllAppsWithError:(NSError**)error;
76 | - (NSDictionary<NSString*, NSString*>*)getHiddenSystemAppsWithError:(NSError**)error;

/Users/builder/clone/Resources/AppFileManager-Bridging-Header.h:20:9: note: in file included from /Users/builder/clone/Resources/AppFileManager-Bridging-Header.h:20:
18 | 
19 | // JITEnableContext - main context for device operations
20 | #import "JITEnableContext.h"
   |         `- note: in file included from /Users/builder/clone/Resources/AppFileManager-Bridging-Header.h:20:
21 | #import "JITEnableContextInternal.h"
22 | 

/Users/builder/clone/Sources/idevice/JITEnableContext.h:75:38: warning: pointer is missing a nullability type specifier (_Nonnull, _Nullable, or _Null_unspecified)
73 | - (UIImage*)getAppIconWithBundleId:(NSString*)bundleId error:(NSError**)error;
74 | - (NSDictionary<NSString*, NSString*>*)getAppListWithError:(NSError**)error;
75 | - (NSDictionary<NSString*, NSString*>*)getAllAppsWithError:(NSError**)error;
   |                                      |- warning: pointer is missing a nullability type specifier (_Nonnull, _Nullable, or _Null_unspecified)
   |                                      |- note: insert '_Nullable' if the pointer may be null
   |                                      `- note: insert '_Nonnull' if the pointer should never be null
76 | - (NSDictionary<NSString*, NSString*>*)getHiddenSystemAppsWithError:(NSError**)error;
77 | - (NSDictionary<NSString*, id>*)getAllAppsInfoWithError:(NSError**)error;

/Users/builder/clone/Resources/AppFileManager-Bridging-Header.h:20:9: note: in file included from /Users/builder/clone/Resources/AppFileManager-Bridging-Header.h:20:
18 | 
19 | // JITEnableContext - main context for device operations
20 | #import "JITEnableContext.h"
   |         `- note: in file included from /Users/builder/clone/Resources/AppFileManager-Bridging-Header.h:20:
21 | #import "JITEnableContextInternal.h"
22 | 

/Users/builder/clone/Sources/idevice/JITEnableContext.h:75:68: warning: pointer is missing a nullability type specifier (_Nonnull, _Nullable, or _Null_unspecified)
73 | - (UIImage*)getAppIconWithBundleId:(NSString*)bundleId error:(NSError**)error;
74 | - (NSDictionary<NSString*, NSString*>*)getAppListWithError:(NSError**)error;
75 | - (NSDictionary<NSString*, NSString*>*)getAllAppsWithError:(NSError**)error;
   |                                                                    |- warning: pointer is missing a nullability type specifier (_Nonnull, _Nullable, or _Null_unspecified)
   |                                                                    |- note: insert '_Nullable' if the pointer may be null
   |                                                                    `- note: insert '_Nonnull' if the pointer should never be null
76 | - (NSDictionary<NSString*, NSString*>*)getHiddenSystemAppsWithError:(NSError**)error;
77 | - (NSDictionary<NSString*, id>*)getAllAppsInfoWithError:(NSError**)error;

/Users/builder/clone/Resources/AppFileManager-Bridging-Header.h:20:9: note: in file included from /Users/builder/clone/Resources/AppFileManager-Bridging-Header.h:20:
18 | 
19 | // JITEnableContext - main context for device operations
20 | #import "JITEnableContext.h"
   |         `- note: in file included from /Users/builder/clone/Resources/AppFileManager-Bridging-Header.h:20:
21 | #import "JITEnableContextInternal.h"
22 | 

/Users/builder/clone/Sources/idevice/JITEnableContext.h:75:69: warning: pointer is missing a nullability type specifier (_Nonnull, _Nullable, or _Null_unspecified)
73 | - (UIImage*)getAppIconWithBundleId:(NSString*)bundleId error:(NSError**)error;
74 | - (NSDictionary<NSString*, NSString*>*)getAppListWithError:(NSError**)error;
75 | - (NSDictionary<NSString*, NSString*>*)getAllAppsWithError:(NSError**)error;
   |                                                                     |- warning: pointer is missing a nullability type specifier (_Nonnull, _Nullable, or _Null_unspecified)
   |                                                                     |- note: insert '_Nullable' if the pointer may be null
   |                                                                     `- note: insert '_Nonnull' if the pointer should never be null
76 | - (NSDictionary<NSString*, NSString*>*)getHiddenSystemAppsWithError:(NSError**)error;
77 | - (NSDictionary<NSString*, id>*)getAllAppsInfoWithError:(NSError**)error;

/Users/builder/clone/Resources/AppFileManager-Bridging-Header.h:20:9: note: in file included from /Users/builder/clone/Resources/AppFileManager-Bridging-Header.h:20:
18 | 
19 | // JITEnableContext - main context for device operations
20 | #import "JITEnableContext.h"
   |         `- note: in file included from /Users/builder/clone/Resources/AppFileManager-Bridging-Header.h:20:
21 | #import "JITEnableContextInternal.h"
22 | 

/Users/builder/clone/Sources/idevice/JITEnableContext.h:76:38: warning: pointer is missing a nullability type specifier (_Nonnull, _Nullable, or _Null_unspecified)
74 | - (NSDictionary<NSString*, NSString*>*)getAppListWithError:(NSError**)error;
75 | - (NSDictionary<NSString*, NSString*>*)getAllAppsWithError:(NSError**)error;
76 | - (NSDictionary<NSString*, NSString*>*)getHiddenSystemAppsWithError:(NSError**)error;
   |                                      |- warning: pointer is missing a nullability type specifier (_Nonnull, _Nullable, or _Null_unspecified)
   |                                      |- note: insert '_Nullable' if the pointer may be null
   |                                      `- note: insert '_Nonnull' if the pointer should never be null
77 | - (NSDictionary<NSString*, id>*)getAllAppsInfoWithError:(NSError**)error;
78 | @end

/Users/builder/clone/Resources/AppFileManager-Bridging-Header.h:20:9: note: in file included from /Users/builder/clone/Resources/AppFileManager-Bridging-Header.h:20:
18 | 
19 | // JITEnableContext - main context for device operations
20 | #import "JITEnableContext.h"
   |         `- note: in file included from /Users/builder/clone/Resources/AppFileManager-Bridging-Header.h:20:
21 | #import "JITEnableContextInternal.h"
22 | 

/Users/builder/clone/Sources/idevice/JITEnableContext.h:76:77: warning: pointer is missing a nullability type specifier (_Nonnull, _Nullable, or _Null_unspecified)
74 | - (NSDictionary<NSString*, NSString*>*)getAppListWithError:(NSError**)error;
75 | - (NSDictionary<NSString*, NSString*>*)getAllAppsWithError:(NSError**)error;
76 | - (NSDictionary<NSString*, NSString*>*)getHiddenSystemAppsWithError:(NSError**)error;
   |                                                                             |- warning: pointer is missing a nullability type specifier (_Nonnull, _Nullable, or _Null_unspecified)
   |                                                                             |- note: insert '_Nullable' if the pointer may be null
   |                                                                             `- note: insert '_Nonnull' if the pointer should never be null
77 | - (NSDictionary<NSString*, id>*)getAllAppsInfoWithError:(NSError**)error;
78 | @end

/Users/builder/clone/Resources/AppFileManager-Bridging-Header.h:20:9: note: in file included from /Users/builder/clone/Resources/AppFileManager-Bridging-Header.h:20:
18 | 
19 | // JITEnableContext - main context for device operations
20 | #import "JITEnableContext.h"
   |         `- note: in file included from /Users/builder/clone/Resources/AppFileManager-Bridging-Header.h:20:
21 | #import "JITEnableContextInternal.h"
22 | 

/Users/builder/clone/Sources/idevice/JITEnableContext.h:76:78: warning: pointer is missing a nullability type specifier (_Nonnull, _Nullable, or _Null_unspecified)
74 | - (NSDictionary<NSString*, NSString*>*)getAppListWithError:(NSError**)error;
75 | - (NSDictionary<NSString*, NSString*>*)getAllAppsWithError:(NSError**)error;
76 | - (NSDictionary<NSString*, NSString*>*)getHiddenSystemAppsWithError:(NSError**)error;
   |                                                                              |- warning: pointer is missing a nullability type specifier (_Nonnull, _Nullable, or _Null_unspecified)
   |                                                                              |- note: insert '_Nullable' if the pointer may be null
   |                                                                              `- note: insert '_Nonnull' if the pointer should never be null
77 | - (NSDictionary<NSString*, id>*)getAllAppsInfoWithError:(NSError**)error;
78 | @end

/Users/builder/clone/Resources/AppFileManager-Bridging-Header.h:20:9: note: in file included from /Users/builder/clone/Resources/AppFileManager-Bridging-Header.h:20:
18 | 
19 | // JITEnableContext - main context for device operations
20 | #import "JITEnableContext.h"
   |         `- note: in file included from /Users/builder/clone/Resources/AppFileManager-Bridging-Header.h:20:
21 | #import "JITEnableContextInternal.h"
22 | 

/Users/builder/clone/Sources/idevice/JITEnableContext.h:77:31: warning: pointer is missing a nullability type specifier (_Nonnull, _Nullable, or _Null_unspecified)
75 | - (NSDictionary<NSString*, NSString*>*)getAllAppsWithError:(NSError**)error;
76 | - (NSDictionary<NSString*, NSString*>*)getHiddenSystemAppsWithError:(NSError**)error;
77 | - (NSDictionary<NSString*, id>*)getAllAppsInfoWithError:(NSError**)error;
   |                               |- warning: pointer is missing a nullability type specifier (_Nonnull, _Nullable, or _Null_unspecified)
   |                               |- note: insert '_Nullable' if the pointer may be null
   |                               `- note: insert '_Nonnull' if the pointer should never be null
78 | @end
79 | 

/Users/builder/clone/Resources/AppFileManager-Bridging-Header.h:20:9: note: in file included from /Users/builder/clone/Resources/AppFileManager-Bridging-Header.h:20:
18 | 
19 | // JITEnableContext - main context for device operations
20 | #import "JITEnableContext.h"
   |         `- note: in file included from /Users/builder/clone/Resources/AppFileManager-Bridging-Header.h:20:
21 | #import "JITEnableContextInternal.h"
22 | 

/Users/builder/clone/Sources/idevice/JITEnableContext.h:77:65: warning: pointer is missing a nullability type specifier (_Nonnull, _Nullable, or _Null_unspecified)
75 | - (NSDictionary<NSString*, NSString*>*)getAllAppsWithError:(NSError**)error;
76 | - (NSDictionary<NSString*, NSString*>*)getHiddenSystemAppsWithError:(NSError**)error;
77 | - (NSDictionary<NSString*, id>*)getAllAppsInfoWithError:(NSError**)error;
   |                                                                 |- warning: pointer is missing a nullability type specifier (_Nonnull, _Nullable, or _Null_unspecified)
   |                                                                 |- note: insert '_Nullable' if the pointer may be null
   |                                                                 `- note: insert '_Nonnull' if the pointer should never be null
78 | @end
79 | 

/Users/builder/clone/Resources/AppFileManager-Bridging-Header.h:20:9: note: in file included from /Users/builder/clone/Resources/AppFileManager-Bridging-Header.h:20:
18 | 
19 | // JITEnableContext - main context for device operations
20 | #import "JITEnableContext.h"
   |         `- note: in file included from /Users/builder/clone/Resources/AppFileManager-Bridging-Header.h:20:
21 | #import "JITEnableContextInternal.h"
22 | 

/Users/builder/clone/Sources/idevice/JITEnableContext.h:77:66: warning: pointer is missing a nullability type specifier (_Nonnull, _Nullable, or _Null_unspecified)
75 | - (NSDictionary<NSString*, NSString*>*)getAllAppsWithError:(NSError**)error;
76 | - (NSDictionary<NSString*, NSString*>*)getHiddenSystemAppsWithError:(NSError**)error;
77 | - (NSDictionary<NSString*, id>*)getAllAppsInfoWithError:(NSError**)error;
   |                                                                  |- warning: pointer is missing a nullability type specifier (_Nonnull, _Nullable, or _Null_unspecified)
   |                                                                  |- note: insert '_Nullable' if the pointer may be null
   |                                                                  `- note: insert '_Nonnull' if the pointer should never be null
78 | @end
79 | 

/Users/builder/clone/Resources/AppFileManager-Bridging-Header.h:20:9: note: in file included from /Users/builder/clone/Resources/AppFileManager-Bridging-Header.h:20:
18 | 
19 | // JITEnableContext - main context for device operations
20 | #import "JITEnableContext.h"
   |         `- note: in file included from /Users/builder/clone/Resources/AppFileManager-Bridging-Header.h:20:
21 | #import "JITEnableContextInternal.h"
22 | 

/Users/builder/clone/Sources/idevice/JITEnableContext.h:81:38: warning: block pointer is missing a nullability type specifier (_Nonnull, _Nullable, or _Null_unspecified)
79 | 
80 | @interface JITEnableContext(Syslog)
81 | - (void)startSyslogRelayWithHandler:(SyslogLineHandler)lineHandler
   |                                      |- warning: block pointer is missing a nullability type specifier (_Nonnull, _Nullable, or _Null_unspecified)
   |                                      |- note: insert '_Nullable' if the block pointer may be null
   |                                      `- note: insert '_Nonnull' if the block pointer should never be null
82 |                              onError:(SyslogErrorHandler)errorHandler NS_SWIFT_NAME(startSyslogRelay(handler:onError:));
83 | - (void)stopSyslogRelay;

/Users/builder/clone/Resources/AppFileManager-Bridging-Header.h:20:9: note: in file included from /Users/builder/clone/Resources/AppFileManager-Bridging-Header.h:20:
18 | 
19 | // JITEnableContext - main context for device operations
20 | #import "JITEnableContext.h"
   |         `- note: in file included from /Users/builder/clone/Resources/AppFileManager-Bridging-Header.h:20:
21 | #import "JITEnableContextInternal.h"
22 | 

/Users/builder/clone/Sources/idevice/JITEnableContext.h:82:39: warning: block pointer is missing a nullability type specifier (_Nonnull, _Nullable, or _Null_unspecified)
80 | @interface JITEnableContext(Syslog)
81 | - (void)startSyslogRelayWithHandler:(SyslogLineHandler)lineHandler
82 |                              onError:(SyslogErrorHandler)errorHandler NS_SWIFT_NAME(startSyslogRelay(handler:onError:));
   |                                       |- warning: block pointer is missing a nullability type specifier (_Nonnull, _Nullable, or _Null_unspecified)
   |                                       |- note: insert '_Nullable' if the block pointer may be null
   |                                       `- note: insert '_Nonnull' if the block pointer should never be null
83 | - (void)stopSyslogRelay;
84 | @end

/Users/builder/clone/Resources/AppFileManager-Bridging-Header.h:20:9: note: in file included from /Users/builder/clone/Resources/AppFileManager-Bridging-Header.h:20:
18 | 
19 | // JITEnableContext - main context for device operations
20 | #import "JITEnableContext.h"
   |         `- note: in file included from /Users/builder/clone/Resources/AppFileManager-Bridging-Header.h:20:
21 | #import "JITEnableContextInternal.h"
22 | 

/Users/builder/clone/Sources/idevice/JITEnableContext.h:87:25: warning: pointer is missing a nullability type specifier (_Nonnull, _Nullable, or _Null_unspecified)
85 | 
86 | @interface JITEnableContext(DeviceInfo)
87 | - (LockdowndClientHandle*)ideviceInfoInit:(NSError**)error;
   |                         |- warning: pointer is missing a nullability type specifier (_Nonnull, _Nullable, or _Null_unspecified)
   |                         |- note: insert '_Nullable' if the pointer may be null
   |                         `- note: insert '_Nonnull' if the pointer should never be null
88 | - (char*)ideviceInfoGetXMLWithLockdownClient:(LockdowndClientHandle*)lockdownClient error:(NSError**)error;
89 | @end

/Users/builder/clone/Resources/AppFileManager-Bridging-Header.h:20:9: note: in file included from /Users/builder/clone/Resources/AppFileManager-Bridging-Header.h:20:
18 | 
19 | // JITEnableContext - main context for device operations
20 | #import "JITEnableContext.h"
   |         `- note: in file included from /Users/builder/clone/Resources/AppFileManager-Bridging-Header.h:20:
21 | #import "JITEnableContextInternal.h"
22 | 

/Users/builder/clone/Sources/idevice/JITEnableContext.h:87:51: warning: pointer is missing a nullability type specifier (_Nonnull, _Nullable, or _Null_unspecified)
85 | 
86 | @interface JITEnableContext(DeviceInfo)
87 | - (LockdowndClientHandle*)ideviceInfoInit:(NSError**)error;
   |                                                   |- warning: pointer is missing a nullability type specifier (_Nonnull, _Nullable, or _Null_unspecified)
   |                                                   |- note: insert '_Nullable' if the pointer may be null
   |                                                   `- note: insert '_Nonnull' if the pointer should never be null
88 | - (char*)ideviceInfoGetXMLWithLockdownClient:(LockdowndClientHandle*)lockdownClient error:(NSError**)error;
89 | @end

/Users/builder/clone/Resources/AppFileManager-Bridging-Header.h:20:9: note: in file included from /Users/builder/clone/Resources/AppFileManager-Bridging-Header.h:20:
18 | 
19 | // JITEnableContext - main context for device operations
20 | #import "JITEnableContext.h"
   |         `- note: in file included from /Users/builder/clone/Resources/AppFileManager-Bridging-Header.h:20:
21 | #import "JITEnableContextInternal.h"
22 | 

/Users/builder/clone/Sources/idevice/JITEnableContext.h:87:52: warning: pointer is missing a nullability type specifier (_Nonnull, _Nullable, or _Null_unspecified)
85 | 
86 | @interface JITEnableContext(DeviceInfo)
87 | - (LockdowndClientHandle*)ideviceInfoInit:(NSError**)error;
   |                                                    |- warning: pointer is missing a nullability type specifier (_Nonnull, _Nullable, or _Null_unspecified)
   |                                                    |- note: insert '_Nullable' if the pointer may be null
   |                                                    `- note: insert '_Nonnull' if the pointer should never be null
88 | - (char*)ideviceInfoGetXMLWithLockdownClient:(LockdowndClientHandle*)lockdownClient error:(NSError**)error;
89 | @end

/Users/builder/clone/Resources/AppFileManager-Bridging-Header.h:20:9: note: in file included from /Users/builder/clone/Resources/AppFileManager-Bridging-Header.h:20:
18 | 
19 | // JITEnableContext - main context for device operations
20 | #import "JITEnableContext.h"
   |         `- note: in file included from /Users/builder/clone/Resources/AppFileManager-Bridging-Header.h:20:
21 | #import "JITEnableContextInternal.h"
22 | 

/Users/builder/clone/Sources/idevice/JITEnableContext.h:88:8: warning: pointer is missing a nullability type specifier (_Nonnull, _Nullable, or _Null_unspecified)
86 | @interface JITEnableContext(DeviceInfo)
87 | - (LockdowndClientHandle*)ideviceInfoInit:(NSError**)error;
88 | - (char*)ideviceInfoGetXMLWithLockdownClient:(LockdowndClientHandle*)lockdownClient error:(NSError**)error;
   |        |- warning: pointer is missing a nullability type specifier (_Nonnull, _Nullable, or _Null_unspecified)
   |        |- note: insert '_Nullable' if the pointer may be null
   |        `- note: insert '_Nonnull' if the pointer should never be null
89 | @end
90 | 

/Users/builder/clone/Resources/AppFileManager-Bridging-Header.h:20:9: note: in file included from /Users/builder/clone/Resources/AppFileManager-Bridging-Header.h:20:
18 | 
19 | // JITEnableContext - main context for device operations
20 | #import "JITEnableContext.h"
   |         `- note: in file included from /Users/builder/clone/Resources/AppFileManager-Bridging-Header.h:20:
21 | #import "JITEnableContextInternal.h"
22 | 

/Users/builder/clone/Sources/idevice/JITEnableContext.h:88:68: warning: pointer is missing a nullability type specifier (_Nonnull, _Nullable, or _Null_unspecified)
86 | @interface JITEnableContext(DeviceInfo)
87 | - (LockdowndClientHandle*)ideviceInfoInit:(NSError**)error;
88 | - (char*)ideviceInfoGetXMLWithLockdownClient:(LockdowndClientHandle*)lockdownClient error:(NSError**)error;
   |                                                                    |- warning: pointer is missing a nullability type specifier (_Nonnull, _Nullable, or _Null_unspecified)
   |                                                                    |- note: insert '_Nullable' if the pointer may be null
   |                                                                    `- note: insert '_Nonnull' if the pointer should never be null
89 | @end
90 | 

/Users/builder/clone/Resources/AppFileManager-Bridging-Header.h:20:9: note: in file included from /Users/builder/clone/Resources/AppFileManager-Bridging-Header.h:20:
18 | 
19 | // JITEnableContext - main context for device operations
20 | #import "JITEnableContext.h"
   |         `- note: in file included from /Users/builder/clone/Resources/AppFileManager-Bridging-Header.h:20:
21 | #import "JITEnableContextInternal.h"
22 | 

/Users/builder/clone/Sources/idevice/JITEnableContext.h:88:99: warning: pointer is missing a nullability type specifier (_Nonnull, _Nullable, or _Null_unspecified)
86 | @interface JITEnableContext(DeviceInfo)
87 | - (LockdowndClientHandle*)ideviceInfoInit:(NSError**)error;
88 | - (char*)ideviceInfoGetXMLWithLockdownClient:(LockdowndClientHandle*)lockdownClient error:(NSError**)error;
   |                                                                                                   |- warning: pointer is missing a nullability type specifier (_Nonnull, _Nullable, or _Null_unspecified)
   |                                                                                                   |- note: insert '_Nullable' if the pointer may be null
   |                                                                                                   `- note: insert '_Nonnull' if the pointer should never be null
89 | @end
90 | 

/Users/builder/clone/Resources/AppFileManager-Bridging-Header.h:20:9: note: in file included from /Users/builder/clone/Resources/AppFileManager-Bridging-Header.h:20:
18 | 
19 | // JITEnableContext - main context for device operations
20 | #import "JITEnableContext.h"
   |         `- note: in file included from /Users/builder/clone/Resources/AppFileManager-Bridging-Header.h:20:
21 | #import "JITEnableContextInternal.h"
22 | 

/Users/builder/clone/Sources/idevice/JITEnableContext.h:88:100: warning: pointer is missing a nullability type specifier (_Nonnull, _Nullable, or _Null_unspecified)
86 | @interface JITEnableContext(DeviceInfo)
87 | - (LockdowndClientHandle*)ideviceInfoInit:(NSError**)error;
88 | - (char*)ideviceInfoGetXMLWithLockdownClient:(LockdowndClientHandle*)lockdownClient error:(NSError**)error;
   |                                                                                                    |- warning: pointer is missing a nullability type specifier (_Nonnull, _Nullable, or _Null_unspecified)
   |                                                                                                    |- note: insert '_Nullable' if the pointer may be null
   |                                                                                                    `- note: insert '_Nonnull' if the pointer should never be null
89 | @end
90 | 

/Users/builder/clone/Resources/AppFileManager-Bridging-Header.h:20:9: note: in file included from /Users/builder/clone/Resources/AppFileManager-Bridging-Header.h:20:
18 | 
19 | // JITEnableContext - main context for device operations
20 | #import "JITEnableContext.h"
   |         `- note: in file included from /Users/builder/clone/Resources/AppFileManager-Bridging-Header.h:20:
21 | #import "JITEnableContextInternal.h"
22 | 

/Users/builder/clone/Sources/idevice/JITEnableContext.h:92:38: warning: pointer is missing a nullability type specifier (_Nonnull, _Nullable, or _Null_unspecified)
90 | 
91 | @interface JITEnableContext(AFC)
92 | - (BOOL)afcIsPathDirectory:(NSString *)path;
   |                                      |- warning: pointer is missing a nullability type specifier (_Nonnull, _Nullable, or _Null_unspecified)
   |                                      |- note: insert '_Nullable' if the pointer may be null
   |                                      `- note: insert '_Nonnull' if the pointer should never be null
93 | - (NSArray<NSString *> *)afcListDir:(NSString *)path error:(NSError **)error;
94 | - (BOOL)afcPushFile:(NSString *)sourcePath toPath:(NSString *)destPath error:(NSError **)error;

/Users/builder/clone/Resources/AppFileManager-Bridging-Header.h:20:9: note: in file included from /Users/builder/clone/Resources/AppFileManager-Bridging-Header.h:20:
18 | 
19 | // JITEnableContext - main context for device operations
20 | #import "JITEnableContext.h"
   |         `- note: in file included from /Users/builder/clone/Resources/AppFileManager-Bridging-Header.h:20:
21 | #import "JITEnableContextInternal.h"
22 | 

/Users/builder/clone/Sources/idevice/JITEnableContext.h:93:24: warning: pointer is missing a nullability type specifier (_Nonnull, _Nullable, or _Null_unspecified)
91 | @interface JITEnableContext(AFC)
92 | - (BOOL)afcIsPathDirectory:(NSString *)path;
93 | - (NSArray<NSString *> *)afcListDir:(NSString *)path error:(NSError **)error;
   |                        |- warning: pointer is missing a nullability type specifier (_Nonnull, _Nullable, or _Null_unspecified)
   |                        |- note: insert '_Nullable' if the pointer may be null
   |                        `- note: insert '_Nonnull' if the pointer should never be null
94 | - (BOOL)afcPushFile:(NSString *)sourcePath toPath:(NSString *)destPath error:(NSError **)error;
95 | - (BOOL)afcPullFile:(NSString *)devicePath toLocalPath:(NSString *)localPath error:(NSError **)error;

/Users/builder/clone/Resources/AppFileManager-Bridging-Header.h:20:9: note: in file included from /Users/builder/clone/Resources/AppFileManager-Bridging-Header.h:20:
18 | 
19 | // JITEnableContext - main context for device operations
20 | #import "JITEnableContext.h"
   |         `- note: in file included from /Users/builder/clone/Resources/AppFileManager-Bridging-Header.h:20:
21 | #import "JITEnableContextInternal.h"
22 | 

/Users/builder/clone/Sources/idevice/JITEnableContext.h:93:47: warning: pointer is missing a nullability type specifier (_Nonnull, _Nullable, or _Null_unspecified)
91 | @interface JITEnableContext(AFC)
92 | - (BOOL)afcIsPathDirectory:(NSString *)path;
93 | - (NSArray<NSString *> *)afcListDir:(NSString *)path error:(NSError **)error;
   |                                               |- warning: pointer is missing a nullability type specifier (_Nonnull, _Nullable, or _Null_unspecified)
   |                                               |- note: insert '_Nullable' if the pointer may be null
   |                                               `- note: insert '_Nonnull' if the pointer should never be null
94 | - (BOOL)afcPushFile:(NSString *)sourcePath toPath:(NSString *)destPath error:(NSError **)error;
95 | - (BOOL)afcPullFile:(NSString *)devicePath toLocalPath:(NSString *)localPath error:(NSError **)error;

/Users/builder/clone/Resources/AppFileManager-Bridging-Header.h:20:9: note: in file included from /Users/builder/clone/Resources/AppFileManager-Bridging-Header.h:20:
18 | 
19 | // JITEnableContext - main context for device operations
20 | #import "JITEnableContext.h"
   |         `- note: in file included from /Users/builder/clone/Resources/AppFileManager-Bridging-Header.h:20:
21 | #import "JITEnableContextInternal.h"
22 | 

/Users/builder/clone/Sources/idevice/JITEnableContext.h:93:69: warning: pointer is missing a nullability type specifier (_Nonnull, _Nullable, or _Null_unspecified)
91 | @interface JITEnableContext(AFC)
92 | - (BOOL)afcIsPathDirectory:(NSString *)path;
93 | - (NSArray<NSString *> *)afcListDir:(NSString *)path error:(NSError **)error;
   |                                                                     |- warning: pointer is missing a nullability type specifier (_Nonnull, _Nullable, or _Null_unspecified)
   |                                                                     |- note: insert '_Nullable' if the pointer may be null
   |                                                                     `- note: insert '_Nonnull' if the pointer should never be null
94 | - (BOOL)afcPushFile:(NSString *)sourcePath toPath:(NSString *)destPath error:(NSError **)error;
95 | - (BOOL)afcPullFile:(NSString *)devicePath toLocalPath:(NSString *)localPath error:(NSError **)error;

/Users/builder/clone/Resources/AppFileManager-Bridging-Header.h:20:9: note: in file included from /Users/builder/clone/Resources/AppFileManager-Bridging-Header.h:20:
18 | 
19 | // JITEnableContext - main context for device operations
20 | #import "JITEnableContext.h"
   |         `- note: in file included from /Users/builder/clone/Resources/AppFileManager-Bridging-Header.h:20:
21 | #import "JITEnableContextInternal.h"
22 | 

/Users/builder/clone/Sources/idevice/JITEnableContext.h:93:70: warning: pointer is missing a nullability type specifier (_Nonnull, _Nullable, or _Null_unspecified)
91 | @interface JITEnableContext(AFC)
92 | - (BOOL)afcIsPathDirectory:(NSString *)path;
93 | - (NSArray<NSString *> *)afcListDir:(NSString *)path error:(NSError **)error;
   |                                                                      |- warning: pointer is missing a nullability type specifier (_Nonnull, _Nullable, or _Null_unspecified)
   |                                                                      |- note: insert '_Nullable' if the pointer may be null
   |                                                                      `- note: insert '_Nonnull' if the pointer should never be null
94 | - (BOOL)afcPushFile:(NSString *)sourcePath toPath:(NSString *)destPath error:(NSError **)error;
95 | - (BOOL)afcPullFile:(NSString *)devicePath toLocalPath:(NSString *)localPath error:(NSError **)error;

/Users/builder/clone/Resources/AppFileManager-Bridging-Header.h:20:9: note: in file included from /Users/builder/clone/Resources/AppFileManager-Bridging-Header.h:20:
18 | 
19 | // JITEnableContext - main context for device operations
20 | #import "JITEnableContext.h"
   |         `- note: in file included from /Users/builder/clone/Resources/AppFileManager-Bridging-Header.h:20:
21 | #import "JITEnableContextInternal.h"
22 | 

/Users/builder/clone/Sources/idevice/JITEnableContext.h:94:31: warning: pointer is missing a nullability type specifier (_Nonnull, _Nullable, or _Null_unspecified)
92 | - (BOOL)afcIsPathDirectory:(NSString *)path;
93 | - (NSArray<NSString *> *)afcListDir:(NSString *)path error:(NSError **)error;
94 | - (BOOL)afcPushFile:(NSString *)sourcePath toPath:(NSString *)destPath error:(NSError **)error;
   |                               |- warning: pointer is missing a nullability type specifier (_Nonnull, _Nullable, or _Null_unspecified)
   |                               |- note: insert '_Nullable' if the pointer may be null
   |                               `- note: insert '_Nonnull' if the pointer should never be null
95 | - (BOOL)afcPullFile:(NSString *)devicePath toLocalPath:(NSString *)localPath error:(NSError **)error;
96 | - (BOOL)afcDelete:(NSString *)path error:(NSError **)error;

/Users/builder/clone/Resources/AppFileManager-Bridging-Header.h:20:9: note: in file included from /Users/builder/clone/Resources/AppFileManager-Bridging-Header.h:20:
18 | 
19 | // JITEnableContext - main context for device operations
20 | #import "JITEnableContext.h"
   |         `- note: in file included from /Users/builder/clone/Resources/AppFileManager-Bridging-Header.h:20:
21 | #import "JITEnableContextInternal.h"
22 | 

/Users/builder/clone/Sources/idevice/JITEnableContext.h:94:61: warning: pointer is missing a nullability type specifier (_Nonnull, _Nullable, or _Null_unspecified)
92 | - (BOOL)afcIsPathDirectory:(NSString *)path;
93 | - (NSArray<NSString *> *)afcListDir:(NSString *)path error:(NSError **)error;
94 | - (BOOL)afcPushFile:(NSString *)sourcePath toPath:(NSString *)destPath error:(NSError **)error;
   |                                                             |- warning: pointer is missing a nullability type specifier (_Nonnull, _Nullable, or _Null_unspecified)
   |                                                             |- note: insert '_Nullable' if the pointer may be null
   |                                                             `- note: insert '_Nonnull' if the pointer should never be null
95 | - (BOOL)afcPullFile:(NSString *)devicePath toLocalPath:(NSString *)localPath error:(NSError **)error;
96 | - (BOOL)afcDelete:(NSString *)path error:(NSError **)error;

/Users/builder/clone/Resources/AppFileManager-Bridging-Header.h:20:9: note: in file included from /Users/builder/clone/Resources/AppFileManager-Bridging-Header.h:20:
18 | 
19 | // JITEnableContext - main context for device operations
20 | #import "JITEnableContext.h"
   |         `- note: in file included from /Users/builder/clone/Resources/AppFileManager-Bridging-Header.h:20:
21 | #import "JITEnableContextInternal.h"
22 | 

/Users/builder/clone/Sources/idevice/JITEnableContext.h:94:87: warning: pointer is missing a nullability type specifier (_Nonnull, _Nullable, or _Null_unspecified)
92 | - (BOOL)afcIsPathDirectory:(NSString *)path;
93 | - (NSArray<NSString *> *)afcListDir:(NSString *)path error:(NSError **)error;
94 | - (BOOL)afcPushFile:(NSString *)sourcePath toPath:(NSString *)destPath error:(NSError **)error;
   |                                                                                       |- warning: pointer is missing a nullability type specifier (_Nonnull, _Nullable, or _Null_unspecified)
   |                                                                                       |- note: insert '_Nullable' if the pointer may be null
   |                                                                                       `- note: insert '_Nonnull' if the pointer should never be null
95 | - (BOOL)afcPullFile:(NSString *)devicePath toLocalPath:(NSString *)localPath error:(NSError **)error;
96 | - (BOOL)afcDelete:(NSString *)path error:(NSError **)error;

/Users/builder/clone/Resources/AppFileManager-Bridging-Header.h:20:9: note: in file included from /Users/builder/clone/Resources/AppFileManager-Bridging-Header.h:20:
18 | 
19 | // JITEnableContext - main context for device operations
20 | #import "JITEnableContext.h"
   |         `- note: in file included from /Users/builder/clone/Resources/AppFileManager-Bridging-Header.h:20:
21 | #import "JITEnableContextInternal.h"
22 | 

/Users/builder/clone/Sources/idevice/JITEnableContext.h:94:88: warning: pointer is missing a nullability type specifier (_Nonnull, _Nullable, or _Null_unspecified)
92 | - (BOOL)afcIsPathDirectory:(NSString *)path;
93 | - (NSArray<NSString *> *)afcListDir:(NSString *)path error:(NSError **)error;
94 | - (BOOL)afcPushFile:(NSString *)sourcePath toPath:(NSString *)destPath error:(NSError **)error;
   |                                                                                        |- warning: pointer is missing a nullability type specifier (_Nonnull, _Nullable, or _Null_unspecified)
   |                                                                                        |- note: insert '_Nullable' if the pointer may be null
   |                                                                                        `- note: insert '_Nonnull' if the pointer should never be null
95 | - (BOOL)afcPullFile:(NSString *)devicePath toLocalPath:(NSString *)localPath error:(NSError **)error;
96 | - (BOOL)afcDelete:(NSString *)path error:(NSError **)error;

/Users/builder/clone/Resources/AppFileManager-Bridging-Header.h:20:9: note: in file included from /Users/builder/clone/Resources/AppFileManager-Bridging-Header.h:20:
18 | 
19 | // JITEnableContext - main context for device operations
20 | #import "JITEnableContext.h"
   |         `- note: in file included from /Users/builder/clone/Resources/AppFileManager-Bridging-Header.h:20:
21 | #import "JITEnableContextInternal.h"
22 | 

/Users/builder/clone/Sources/idevice/JITEnableContext.h:95:31: warning: pointer is missing a nullability type specifier (_Nonnull, _Nullable, or _Null_unspecified)
93 | - (NSArray<NSString *> *)afcListDir:(NSString *)path error:(NSError **)error;
94 | - (BOOL)afcPushFile:(NSString *)sourcePath toPath:(NSString *)destPath error:(NSError **)error;
95 | - (BOOL)afcPullFile:(NSString *)devicePath toLocalPath:(NSString *)localPath error:(NSError **)error;
   |                               |- warning: pointer is missing a nullability type specifier (_Nonnull, _Nullable, or _Null_unspecified)
   |                               |- note: insert '_Nullable' if the pointer may be null
   |                               `- note: insert '_Nonnull' if the pointer should never be null
96 | - (BOOL)afcDelete:(NSString *)path error:(NSError **)error;
97 | @end

/Users/builder/clone/Resources/AppFileManager-Bridging-Header.h:20:9: note: in file included from /Users/builder/clone/Resources/AppFileManager-Bridging-Header.h:20:
18 | 
19 | // JITEnableContext - main context for device operations
20 | #import "JITEnableContext.h"
   |         `- note: in file included from /Users/builder/clone/Resources/AppFileManager-Bridging-Header.h:20:
21 | #import "JITEnableContextInternal.h"
22 | 

/Users/builder/clone/Sources/idevice/JITEnableContext.h:95:66: warning: pointer is missing a nullability type specifier (_Nonnull, _Nullable, or _Null_unspecified)
93 | - (NSArray<NSString *> *)afcListDir:(NSString *)path error:(NSError **)error;
94 | - (BOOL)afcPushFile:(NSString *)sourcePath toPath:(NSString *)destPath error:(NSError **)error;
95 | - (BOOL)afcPullFile:(NSString *)devicePath toLocalPath:(NSString *)localPath error:(NSError **)error;
   |                                                                  |- warning: pointer is missing a nullability type specifier (_Nonnull, _Nullable, or _Null_unspecified)
   |                                                                  |- note: insert '_Nullable' if the pointer may be null
   |                                                                  `- note: insert '_Nonnull' if the pointer should never be null
96 | - (BOOL)afcDelete:(NSString *)path error:(NSError **)error;
97 | @end

/Users/builder/clone/Resources/AppFileManager-Bridging-Header.h:20:9: note: in file included from /Users/builder/clone/Resources/AppFileManager-Bridging-Header.h:20:
18 | 
19 | // JITEnableContext - main context for device operations
20 | #import "JITEnableContext.h"
   |         `- note: in file included from /Users/builder/clone/Resources/AppFileManager-Bridging-Header.h:20:
21 | #import "JITEnableContextInternal.h"
22 | 

/Users/builder/clone/Sources/idevice/JITEnableContext.h:95:93: warning: pointer is missing a nullability type specifier (_Nonnull, _Nullable, or _Null_unspecified)
93 | - (NSArray<NSString *> *)afcListDir:(NSString *)path error:(NSError **)error;
94 | - (BOOL)afcPushFile:(NSString *)sourcePath toPath:(NSString *)destPath error:(NSError **)error;
95 | - (BOOL)afcPullFile:(NSString *)devicePath toLocalPath:(NSString *)localPath error:(NSError **)error;
   |                                                                                             |- warning: pointer is missing a nullability type specifier (_Nonnull, _Nullable, or _Null_unspecified)
   |                                                                                             |- note: insert '_Nullable' if the pointer may be null
   |                                                                                             `- note: insert '_Nonnull' if the pointer should never be null
96 | - (BOOL)afcDelete:(NSString *)path error:(NSError **)error;
97 | @end

/Users/builder/clone/Resources/AppFileManager-Bridging-Header.h:20:9: note: in file included from /Users/builder/clone/Resources/AppFileManager-Bridging-Header.h:20:
18 | 
19 | // JITEnableContext - main context for device operations
20 | #import "JITEnableContext.h"
   |         `- note: in file included from /Users/builder/clone/Resources/AppFileManager-Bridging-Header.h:20:
21 | #import "JITEnableContextInternal.h"
22 | 

/Users/builder/clone/Sources/idevice/JITEnableContext.h:95:94: warning: pointer is missing a nullability type specifier (_Nonnull, _Nullable, or _Null_unspecified)
93 | - (NSArray<NSString *> *)afcListDir:(NSString *)path error:(NSError **)error;
94 | - (BOOL)afcPushFile:(NSString *)sourcePath toPath:(NSString *)destPath error:(NSError **)error;
95 | - (BOOL)afcPullFile:(NSString *)devicePath toLocalPath:(NSString *)localPath error:(NSError **)error;
   |                                                                                              |- warning: pointer is missing a nullability type specifier (_Nonnull, _Nullable, or _Null_unspecified)
   |                                                                                              |- note: insert '_Nullable' if the pointer may be null
   |                                                                                              `- note: insert '_Nonnull' if the pointer should never be null
96 | - (BOOL)afcDelete:(NSString *)path error:(NSError **)error;
97 | @end

/Users/builder/clone/Resources/AppFileManager-Bridging-Header.h:20:9: note: in file included from /Users/builder/clone/Resources/AppFileManager-Bridging-Header.h:20:
18 | 
19 | // JITEnableContext - main context for device operations
20 | #import "JITEnableContext.h"
   |         `- note: in file included from /Users/builder/clone/Resources/AppFileManager-Bridging-Header.h:20:
21 | #import "JITEnableContextInternal.h"
22 | 

/Users/builder/clone/Sources/idevice/JITEnableContext.h:96:29: warning: pointer is missing a nullability type specifier (_Nonnull, _Nullable, or _Null_unspecified)
94 | - (BOOL)afcPushFile:(NSString *)sourcePath toPath:(NSString *)destPath error:(NSError **)error;
95 | - (BOOL)afcPullFile:(NSString *)devicePath toLocalPath:(NSString *)localPath error:(NSError **)error;
96 | - (BOOL)afcDelete:(NSString *)path error:(NSError **)error;
   |                             |- warning: pointer is missing a nullability type specifier (_Nonnull, _Nullable, or _Null_unspecified)
   |                             |- note: insert '_Nullable' if the pointer may be null
   |                             `- note: insert '_Nonnull' if the pointer should never be null
97 | @end
98 | 

/Users/builder/clone/Resources/AppFileManager-Bridging-Header.h:20:9: note: in file included from /Users/builder/clone/Resources/AppFileManager-Bridging-Header.h:20:
18 | 
19 | // JITEnableContext - main context for device operations
20 | #import "JITEnableContext.h"
   |         `- note: in file included from /Users/builder/clone/Resources/AppFileManager-Bridging-Header.h:20:
21 | #import "JITEnableContextInternal.h"
22 | 

/Users/builder/clone/Sources/idevice/JITEnableContext.h:96:51: warning: pointer is missing a nullability type specifier (_Nonnull, _Nullable, or _Null_unspecified)
94 | - (BOOL)afcPushFile:(NSString *)sourcePath toPath:(NSString *)destPath error:(NSError **)error;
95 | - (BOOL)afcPullFile:(NSString *)devicePath toLocalPath:(NSString *)localPath error:(NSError **)error;
96 | - (BOOL)afcDelete:(NSString *)path error:(NSError **)error;
   |                                                   |- warning: pointer is missing a nullability type specifier (_Nonnull, _Nullable, or _Null_unspecified)
   |                                                   |- note: insert '_Nullable' if the pointer may be null
   |                                                   `- note: insert '_Nonnull' if the pointer should never be null
97 | @end
98 | 

/Users/builder/clone/Resources/AppFileManager-Bridging-Header.h:20:9: note: in file included from /Users/builder/clone/Resources/AppFileManager-Bridging-Header.h:20:
18 | 
19 | // JITEnableContext - main context for device operations
20 | #import "JITEnableContext.h"
   |         `- note: in file included from /Users/builder/clone/Resources/AppFileManager-Bridging-Header.h:20:
21 | #import "JITEnableContextInternal.h"
22 | 

144 warnings generated.
/Users/builder/clone/Sources/idevice/JITEnableContext.h:96:52: warning: pointer is missing a nullability type specifier (_Nonnull, _Nullable, or _Null_unspecified)
94 | - (BOOL)afcPushFile:(NSString *)sourcePath toPath:(NSString *)destPath error:(NSError **)error;
95 | - (BOOL)afcPullFile:(NSString *)devicePath toLocalPath:(NSString *)localPath error:(NSError **)error;
96 | - (BOOL)afcDelete:(NSString *)path error:(NSError **)error;
   |                                                    |- warning: pointer is missing a nullability type specifier (_Nonnull, _Nullable, or _Null_unspecified)
   |                                                    |- note: insert '_Nullable' if the pointer may be null
   |                                                    `- note: insert '_Nonnull' if the pointer should never be null
97 | @end
98 | 

SwiftDriverJobDiscovery normal arm64 Compiling bridging header (in target 'AppFileManager' from project 'AppFileManager')

SwiftCompile normal arm64 Compiling\ AppFileManagerApp.swift,\ AFCBrowseView.swift,\ AppSandboxBrowserEntryView.swift,\ AppSandboxBrowserView.swift /Users/builder/clone/Sources/AppFileManagerApp.swift /Users/builder/clone/Sources/AFCBrowseView.swift /Users/builder/clone/Sources/AppSandboxBrowserEntryView.swift /Users/builder/clone/Sources/AppSandboxBrowserView.swift /Applications/Xcode-26.4.app/Contents/Developer/Toolchains/XcodeDefault.xctoolchain/usr/lib/swift/iphoneos/prebuilt-modules/26.4/_Builtin_float.swiftmodule/arm64e-apple-ios.swiftmodule /Applications/Xcode-26.4.app/Contents/Developer/Toolchains/XcodeDefault.xctoolchain/usr/lib/swift/iphoneos/prebuilt-modules/26.4/_DarwinFoundation3.swiftmodule/arm64e-apple-ios.swiftmodule /Applications/Xcode-26.4.app/Contents/Developer/Toolchains/XcodeDefault.xctoolchain/usr/lib/swift/iphoneos/prebuilt-modules/26.4/CoreTransferable.swiftmodule/arm64e-apple-ios.swiftmodule /Applications/Xcode-26.4.app/Contents/Developer/Toolchains/XcodeDefault.xctoolchain/usr/lib/swift/iphoneos/prebuilt-modules/26.4/System.swiftmodule/arm64e-apple-ios.swiftmodule /Applications/Xcode-26.4.app/Contents/Developer/Toolchains/XcodeDefault.xctoolchain/usr/lib/swift/iphoneos/prebuilt-modules/26.4/CoreFoundation.swiftmodule/arm64e-apple-ios.swiftmodule /Applications/Xcode-26.4.app/Contents/Developer/Toolchains/XcodeDefault.xctoolchain/usr/lib/swift/iphoneos/prebuilt-modules/26.4/CoreGraphics.swiftmodule/arm64e-apple-ios.swiftmodule /Applications/Xcode-26.4.app/Contents/Developer/Toolchains/XcodeDefault.xctoolchain/usr/lib/swift/iphoneos/prebuilt-modules/26.4/ObjectiveC.swiftmodule/arm64e-apple-ios.swiftmodule /Applications/Xcode-26.4.app/Contents/Developer/Toolchains/XcodeDefault.xctoolchain/usr/lib/swift/iphoneos/prebuilt-modules/26.4/Metal.swiftmodule/arm64e-apple-ios.swiftmodule /Applications/Xcode-26.4.app/Contents/Developer/Toolchains/XcodeDefault.xctoolchain/usr/lib/swift/iphoneos/prebuilt-modules/26.4/XPC.swiftmodule/arm64e-apple-ios.swiftmodule /Applications/Xcode-26.4.app/Contents/Developer/Toolchains/XcodeDefault.xctoolchain/usr/lib/swift/iphoneos/prebuilt-modules/26.4/Foundation.swiftmodule/arm64e-apple-ios.swiftmodule /Applications/Xcode-26.4.app/Contents/Developer/Toolchains/XcodeDefault.xctoolchain/usr/lib/swift/iphoneos/prebuilt-modules/26.4/DataDetection.swiftmodule/arm64e-apple-ios.swiftmodule /Applications/Xcode-26.4.app/Contents/Developer/Toolchains/XcodeDefault.xctoolchain/usr/lib/swift/iphoneos/prebuilt-modules/26.4/_StringProcessing.swiftmodule/arm64e-apple-ios.swiftmodule /Applications/Xcode-26.4.app/Contents/Developer/Toolchains/XcodeDefault.xctoolchain/usr/lib/swift/iphoneos/prebuilt-modules/26.4/CoreData.swiftmodule/arm64e-apple-ios.swiftmodule /Applications/Xcode-26.4.app/Contents/Developer/Toolchains/XcodeDefault.xctoolchain/usr/lib/swift/iphoneos/prebuilt-modules/26.4/Swift.swiftmodule/arm64e-apple-ios.swiftmodule /Applications/Xcode-26.4.app/Contents/Developer/Toolchains/XcodeDefault.xctoolchain/usr/lib/swift/iphoneos/prebuilt-modules/26.4/Spatial.swiftmodule/arm64e-apple-ios.swiftmodule /Applications/Xcode-26.4.app/Contents/Developer/Toolchains/XcodeDefault.xctoolchain/usr/lib/swift/iphoneos/prebuilt-modules/26.4/_DarwinFoundation1.swiftmodule/arm64e-apple-ios.swiftmodule /Applications/Xcode-26.4.app/Contents/Developer/Toolchains/XcodeDefault.xctoolchain/usr/lib/swift/iphoneos/prebuilt-modules/26.4/Symbols.swiftmodule/arm64e-apple-ios.swiftmodule /Applications/Xcode-26.4.app/Contents/Developer/Toolchains/XcodeDefault.xctoolchain/usr/lib/swift/iphoneos/prebuilt-modules/26.4/_DarwinFoundation2.swiftmodule/arm64e-apple-ios.swiftmodule /Applications/Xcode-26.4.app/Contents/Developer/Toolchains/XcodeDefault.xctoolchain/usr/lib/swift/iphoneos/prebuilt-modules/26.4/CoreText.swiftmodule/arm64e-apple-ios.swiftmodule /Applications/Xcode-26.4.app/Contents/Developer/Toolchains/XcodeDefault.xctoolchain/usr/lib/swift/iphoneos/prebuilt-modules/26.4/UniformTypeIdentifiers.swiftmodule/arm64e-apple-ios.swiftmodule /Applications/Xcode-26.4.app/Contents/Developer/Toolchains/XcodeDefault.xctoolchain/usr/lib/swift/iphoneos/prebuilt-modules/26.4/QuartzCore.swiftmodule/arm64e-apple-ios.swiftmodule /Applications/Xcode-26.4.app/Contents/Developer/Toolchains/XcodeDefault.xctoolchain/usr/lib/swift/iphoneos/prebuilt-modules/26.4/simd.swiftmodule/arm64e-apple-ios.swiftmodule /Applications/Xcode-26.4.app/Contents/Developer/Toolchains/XcodeDefault.xctoolchain/usr/lib/swift/iphoneos/prebuilt-modules/26.4/DeveloperToolsSupport.swiftmodule/arm64e-apple-ios.swiftmodule /Applications/Xcode-26.4.app/Contents/Developer/Toolchains/XcodeDefault.xctoolchain/usr/lib/swift/iphoneos/prebuilt-modules/26.4/CoreVideo.swiftmodule/arm64e-apple-ios.swiftmodule /Applications/Xcode-26.4.app/Contents/Developer/Toolchains/XcodeDefault.xctoolchain/usr/lib/swift/iphoneos/prebuilt-modules/26.4/CoreImage.swiftmodule/arm64e-apple-ios.swiftmodule /Applications/Xcode-26.4.app/Contents/Developer/Toolchains/XcodeDefault.xctoolchain/usr/lib/swift/iphoneos/prebuilt-modules/26.4/UIKit.swiftmodule/arm64e-apple-ios.swiftmodule /Applications/Xcode-26.4.app/Contents/Developer/Toolchains/XcodeDefault.xctoolchain/usr/lib/swift/iphoneos/prebuilt-modules/26.4/FileProvider.swiftmodule/arm64e-apple-ios.swiftmodule /Applications/Xcode-26.4.app/Contents/Developer/Toolchains/XcodeDefault.xctoolchain/usr/lib/swift/iphoneos/prebuilt-modules/26.4/OSLog.swiftmodule/arm64e-apple-ios.swiftmodule /Applications/Xcode-26.4.app/Contents/Developer/Toolchains/XcodeDefault.xctoolchain/usr/lib/swift/iphoneos/prebuilt-modules/26.4/_Concurrency.swiftmodule/arm64e-apple-ios.swiftmodule /Applications/Xcode-26.4.app/Contents/Developer/Toolchains/XcodeDefault.xctoolchain/usr/lib/swift/iphoneos/prebuilt-modules/26.4/Combine.swiftmodule/arm64e-apple-ios.swiftmodule /Applications/Xcode-26.4.app/Contents/Developer/Toolchains/XcodeDefault.xctoolchain/usr/lib/swift/iphoneos/prebuilt-modules/26.4/SwiftUI.swiftmodule/arm64e-apple-ios.swiftmodule /Applications/Xcode-26.4.app/Contents/Developer/Toolchains/XcodeDefault.xctoolchain/usr/lib/swift/iphoneos/prebuilt-modules/26.4/Observation.swiftmodule/arm64e-apple-ios.swiftmodule /Applications/Xcode-26.4.app/Contents/Developer/Toolchains/XcodeDefault.xctoolchain/usr/lib/swift/iphoneos/prebuilt-modules/26.4/SwiftUICore.swiftmodule/arm64e-apple-ios.swiftmodule /Applications/Xcode-26.4.app/Contents/Developer/Toolchains/XcodeDefault.xctoolchain/usr/lib/swift/iphoneos/prebuilt-modules/26.4/Accessibility.swiftmodule/arm64e-apple-ios.swiftmodule /Applications/Xcode-26.4.app/Contents/Developer/Toolchains/XcodeDefault.xctoolchain/usr/lib/swift/iphoneos/prebuilt-modules/26.4/os.swiftmodule/arm64e-apple-ios.swiftmodule /Applications/Xcode-26.4.app/Contents/Developer/Toolchains/XcodeDefault.xctoolchain/usr/lib/swift/iphoneos/prebuilt-modules/26.4/Dispatch.swiftmodule/arm64e-apple-ios.swiftmodule /Applications/Xcode-26.4.app/Contents/Developer/Toolchains/XcodeDefault.xctoolchain/usr/lib/swift/iphoneos/prebuilt-modules/26.4/Darwin.swiftmodule/arm64e-apple-ios.swiftmodule /Users/builder/clone/build/ModuleCache.noindex/SwiftUICore-3TSXSW4QEOWZ2JBTM7X67DSRH.pcm /Users/builder/clone/build/ModuleCache.noindex/OpenGLES-72RA1TWUX4POYIONMLQX5CP9S.pcm /Users/builder/clone/build/ModuleCache.noindex/CoreText-BK53IK1QLJQ03WEW03MWC8GB1.pcm /Users/builder/clone/build/ModuleCache.noindex/FileProvider-76GDPUN5KDSP5PCKZKOFWY6P7.pcm /Users/builder/clone/build/ModuleCache.noindex/Metal-C6HLMMJ44PT5A4RYEYWT9055C.pcm /Users/builder/clone/build/ModuleCache.noindex/CoreTransferable-CDLA2LA9GGMI1JR3O85AD9AON.pcm /Users/builder/clone/build/ModuleCache.noindex/simd-BXC0PGSJ1I7LH313WKBIPGUV.pcm /Users/builder/clone/build/ModuleCache.noindex/_Builtin_stdbool-BGHIGZN5QBYRNJP2V02D5RB3T.pcm /Users/builder/clone/build/ModuleCache.noindex/Foundation-EVJ5GPBA8EOORS8A04F3P2SBV.pcm /Users/builder/clone/build/ModuleCache.noindex/CFNetwork-30R5TRJX8257ZDJ08Y02NG8CC.pcm /Users/builder/clone/build/ModuleCache.noindex/ImageIO-EVQAB2GCVT28WIHZ1VK0FPFB.pcm /Users/builder/clone/build/ModuleCache.noindex/UIKit-AZUFHOVDDXTAI1S23LKLOWSMO.pcm /Users/builder/clone/build/ModuleCache.noindex/CoreFoundation-A7IULIYJID28SY455XO9LRS58.pcm /Users/builder/clone/build/ModuleCache.noindex/CoreGraphics-98CR3946JW7P4EXSMFAKUKFG9.pcm /Users/builder/clone/build/ModuleCache.noindex/Accessibility-2J7OWWCQ6BQBGOFQETIAP74OX.pcm /Users/builder/clone/build/ModuleCache.noindex/Symbols-204IY26W7MWBRUJ14O8M8V8X6.pcm /Users/builder/clone/build/ModuleCache.noindex/_Builtin_inttypes-6KVMU9RCCJ7PDGXS2OWJXGL3V.pcm /Users/builder/clone/build/ModuleCache.noindex/_DarwinFoundation1-RSLCXWQWY475KUUBRR4O8K0D.pcm /Users/builder/clone/build/ModuleCache.noindex/UniformTypeIdentifiers-AUAOV0AW8PSAZEHAQM8HDL8RT.pcm /Users/builder/clone/build/ModuleCache.noindex/Security-AT5HCL946R466VWAMQ57CWQXQ.pcm /Users/builder/clone/build/ModuleCache.noindex/QuartzCore-4WIW1JJLK8IIZEN63WK7SJPVW.pcm /Users/builder/clone/build/ModuleCache.noindex/CoreVideo-9FDMY5YNXQG30O3K1JVX8UY5Z.pcm /Users/builder/clone/build/ModuleCache.noindex/_Builtin_stdatomic-CUHEXJ28AOD5Z55UKPNKOCJ2V.pcm /Users/builder/clone/build/ModuleCache.noindex/os_workgroup-C6BSTXQY5P24MEEIHCWQ5IDZ3.pcm /Users/builder/clone/build/ModuleCache.noindex/Darwin-4ADV36AD603VZR4M0PP2S4F8T.pcm /Users/builder/clone/build/ModuleCache.noindex/Spatial-BWLO1IJOGE361YMYM9R6PZBHK.pcm /Users/builder/clone/build/ModuleCache.noindex/_Builtin_stddef-DZOYH08XJL48D3SI5OAFKIBD6.pcm /Users/builder/clone/build/ModuleCache.noindex/ObjectiveC-2PGWWUEE9F2OMI68C4Q9WNLWU.pcm /Users/builder/clone/build/ModuleCache.noindex/UserNotifications-BNYFZV4CIFL6C44G2SGM90XD3.pcm /Users/builder/clone/build/ModuleCache.noindex/_Builtin_limits-41O7ZD24X1GELP00S5HSCBDI0.pcm /Users/builder/clone/build/ModuleCache.noindex/MachO-BTSF17XG9UYWSQG577WRXAUSH.pcm /Users/builder/clone/build/ModuleCache.noindex/_Builtin_float-5HD41IS7616NBJZGMKV1K3RU8.pcm /Users/builder/clone/build/ModuleCache.noindex/os_object-9S6WUKAIU5V0N26EQIAX2M0SH.pcm /Users/builder/clone/build/ModuleCache.noindex/ptrauth-381XKFNKHZFQ8MMG7XEIEDXSZ.pcm /Users/builder/clone/build/ModuleCache.noindex/_Builtin_stdint-3KF4BGNQDXLAJIOIRV9Y0OOJD.pcm /Users/builder/clone/build/ModuleCache.noindex/os-E71G62SAVGQAD91YDTFK5D7IN.pcm /Users/builder/clone/build/ModuleCache.noindex/_SwiftConcurrencyShims-1CGIADTMAR9UAJ8PF0DA2FPWN.pcm /Users/builder/clone/build/ModuleCache.noindex/Dispatch-V0IT8CNMGTC8VH9PKS4FDX5.pcm /Users/builder/clone/build/ModuleCache.noindex/OSLog-2NQ61MS1QIY837HTAVJV223EW.pcm /Users/builder/clone/build/ModuleCache.noindex/DeveloperToolsSupport-A34TLED098BULE2NP219XP4HY.pcm /Users/builder/clone/build/ModuleCache.noindex/_Builtin_stdarg-BFPOVNKDFDT2T6QKIKBU5F3UQ.pcm /Users/builder/clone/build/ModuleCache.noindex/sys_types-CDZ1K86JQDBGHI7E5D9G7YR14.pcm /Users/builder/clone/build/ModuleCache.noindex/_Builtin_intrinsics-3WQ16JLGCE2NTIEGOF3YLGDMO.pcm /Users/builder/clone/build/ModuleCache.noindex/CoreImage-NBV3D8GQ1QBXMJQHVP5A4PEW.pcm /Users/builder/clone/build/ModuleCache.noindex/DataDetection-B7BET286NVG0FB68Y1YOLVALR.pcm /Users/builder/clone/build/ModuleCache.noindex/_DarwinFoundation2-9LC7S8F14R735T9JYNL2NUU61.pcm /Users/builder/clone/build/ModuleCache.noindex/CoreData-1Q4DY6UO10D4EHPS520CO39OE.pcm /Users/builder/clone/build/ModuleCache.noindex/IOSurface-9L9OW4KZVKVC1EBQHHIZ7A2NO.pcm /Users/builder/clone/build/ModuleCache.noindex/_DarwinFoundation3-BWPW0TEFHLPXM2FWWX33WXWU7.pcm /Users/builder/clone/build/ModuleCache.noindex/SwiftShims-9A6D1XTK65AH5REXGEHF2IZJN.pcm /Users/builder/clone/build/ModuleCache.noindex/SwiftUI-AQ7SVZMAN3J2P2QGQGGKI8ZN.pcm /Users/builder/clone/build/ModuleCache.noindex/ptrcheck-ALS7L3FV5HXLK0BLDC7I3RIVZ.pcm /Users/builder/clone/build/ModuleCache.noindex/UIUtilities-C3DQ83BM0MAXRLB4M4GB75P9Z.pcm /Users/builder/clone/build/ModuleCache.noindex/XPC-60GLAJJW5ZS4DOO311541DMAG.pcm /Users/builder/clone/build/ModuleCache.noindex/_AvailabilityInternal-6YQF6YMY3WUC42Z147LWRZF04.pcm /Users/builder/clone/build/ModuleCache.noindex/_Builtin_tgmath-21P82LQTX07N48TELLSWASFM5.pcm /Users/builder/clone/build/Build/Intermediates.noindex/AppFileManager.build/Release-iphoneos/AppFileManager.build/Objects-normal/arm64/AppFileManager-dependencies-1.json /Users/builder/clone/build/Build/Intermediates.noindex/AppFileManager.build/Release-iphoneos/AppFileManager.build/Objects-normal/arm64/AppFileManager-primary-Bridging-header.pch (in target 'AppFileManager' from project 'AppFileManager')

CompileSwift normal arm64 (in target 'AppFileManager' from project 'AppFileManager')
    cd /Users/builder/clone
    
/Users/builder/clone/Sources/AppFileManagerApp.swift:178:48: error: static member 'tcpProviderHandle' cannot be used on instance of type 'JITEnableContext'
            let hasProvider = JITEnableContext.shared.tcpProviderHandle != nil
                              ~~~~~~~~~~~~~~~~~^~~~~~
                              JITEnableContext
/Users/builder/clone/Sources/AppFileManagerApp.swift:194:75: error: binary operator '??' cannot be applied to operands of type '()?' and 'Bool'
            let success = (try? JITEnableContext.shared.startHeartbeat()) ?? false
                          ~~~~~~~~~~~~~~~~~~~~~~~~~~~~~~~~~~~~~~~~~~~~~~~ ^  ~~~~~
/Users/builder/clone/Sources/AppFileManagerApp.swift:211:44: error: static member 'tcpProviderHandle' cannot be used on instance of type 'JITEnableContext'
        if let provider = JITEnableContext.shared.tcpProviderHandle {
                          ~~~~~~~~~~~~~~~~~^~~~~~
                          JITEnableContext
/Users/builder/clone/Sources/AFCBrowseView.swift:144:104: error: binary operator '??' cannot be applied to operands of type '()?' and 'Bool'
            let success = (try? JITEnableContext.shared.afcPullFile(fullPath, toLocalPath: localPath)) ?? false
                          ~~~~~~~~~~~~~~~~~~~~~~~~~~~~~~~~~~~~~~~~~~~~~~~~~~~~~~~~~~~~~~~~~~~~~~~~~~~~ ^  ~~~~~
/Users/builder/clone/Sources/AFCBrowseView.swift:176:82: error: binary operator '??' cannot be applied to operands of type '()?' and 'Bool'
                let success = (try? JITEnableContext.shared.afcDelete(fullPath)) ?? false
                              ~~~~~~~~~~~~~~~~~~~~~~~~~~~~~~~~~~~~~~~~~~~~~~~~~~ ^  ~~~~~
/Users/builder/clone/Sources/AFCBrowseView.swift:250:99: error: binary operator '??' cannot be applied to operands of type '()?' and 'Bool'
            let success = (try? JITEnableContext.shared.afcPullFile(path, toLocalPath: tempPath)) ?? false
                          ~~~~~~~~~~~~~~~~~~~~~~~~~~~~~~~~~~~~~~~~~~~~~~~~~~~~~~~~~~~~~~~~~~~~~~~ ^  ~~~~~
/Users/builder/clone/Sources/AFCBrowseView.swift:260:103: error: binary operator '??' cannot be applied to operands of type '()?' and 'Bool'
                let success = (try? JITEnableContext.shared.afcPullFile(path, toLocalPath: tempPath)) ?? false
                              ~~~~~~~~~~~~~~~~~~~~~~~~~~~~~~~~~~~~~~~~~~~~~~~~~~~~~~~~~~~~~~~~~~~~~~~ ^  ~~~~~
/Users/builder/clone/Sources/AppSandboxBrowserEntryView.swift:150:61: error: value of type 'JITEnableContext' has no member 'getAllAppsInfoWithError'
            let appsDictAny = (try? JITEnableContext.shared.getAllAppsInfoWithError()) as? [String: Any] ?? [:]
                                    ~~~~~~~~~~~~~~~~~~~~~~~ ^~~~~~~~~~~~~~~~~~~~~~~
/Users/builder/clone/Sources/AppSandboxBrowserView.swift:25:35: error: cannot find type 'AfcClientHandle' in scope
    @State private var afcClient: AfcClientHandle?
                                  ^~~~~~~~~~~~~~~
/Users/builder/clone/Sources/AppSandboxBrowserView.swift:208:30: error: cannot convert value of type 'Result<[URL], any Error>' to expected argument type 'Result<URL, any Error>'
            handleFileImport(result)
                             ^
/Users/builder/clone/Sources/AppSandboxBrowserView.swift:208:30: note: arguments to generic parameter 'Success' ('[URL]' and 'URL') are expected to be equal
            handleFileImport(result)
                             ^

Failed frontend command:
/Applications/Xcode-26.4.app/Contents/Developer/Toolchains/XcodeDefault.xctoolchain/usr/bin/swift-frontend -frontend -c /Users/builder/clone/Sources/AppFileManagerApp.swift /Users/builder/clone/Sources/AFCBrowseView.swift /Users/builder/clone/Sources/AppSandboxBrowserEntryView.swift /Users/builder/clone/Sources/AppSandboxBrowserView.swift -supplementary-output-file-map /Users/builder/clone/build/Build/Intermediates.noindex/AppFileManager.build/Release-iphoneos/AppFileManager.build/Objects-normal/arm64/supplementaryOutputs-1 -emit-localized-strings -emit-localized-strings-path /Users/builder/clone/build/Build/Intermediates.noindex/AppFileManager.build/Release-iphoneos/AppFileManager.build/Objects-normal/arm64 -target arm64-apple-ios17.0 -load-resolved-plugin /Applications/Xcode-26.4.app/Contents/Developer/Platforms/iPhoneOS.platform/Developer/usr/lib/swift/host/plugins/libFoundationMacros.dylib\#/Applications/Xcode-26.4.app/Contents/Developer/Platforms/iPhoneOS.platform/Developer/usr/bin/swift-plugin-server\#FoundationMacros -load-resolved-plugin /Applications/Xcode-26.4.app/Contents/Developer/Platforms/iPhoneOS.platform/Developer/usr/lib/swift/host/plugins/libObservationMacros.dylib\#/Applications/Xcode-26.4.app/Contents/Developer/Platforms/iPhoneOS.platform/Developer/usr/bin/swift-plugin-server\#ObservationMacros -load-resolved-plugin /Applications/Xcode-26.4.app/Contents/Developer/Platforms/iPhoneOS.platform/Developer/usr/lib/swift/host/plugins/libPreviewsMacros.dylib\#/Applications/Xcode-26.4.app/Contents/Developer/Platforms/iPhoneOS.platform/Developer/usr/bin/swift-plugin-server\#PreviewsMacros -load-resolved-plugin /Applications/Xcode-26.4.app/Contents/Developer/Platforms/iPhoneOS.platform/Developer/usr/lib/swift/host/plugins/libSwiftMacros.dylib\#/Applications/Xcode-26.4.app/Contents/Developer/Platforms/iPhoneOS.platform/Developer/usr/bin/swift-plugin-server\#SwiftMacros -load-resolved-plugin /Applications/Xcode-26.4.app/Contents/Developer/Platforms/iPhoneOS.platform/Developer/usr/lib/swift/host/plugins/libSwiftUIMacros.dylib\#/Applications/Xcode-26.4.app/Contents/Developer/Platforms/iPhoneOS.platform/Developer/usr/bin/swift-plugin-server\#SwiftUIMacros -disable-implicit-swift-modules -Xcc -fno-implicit-modules -Xcc -fno-implicit-module-maps -explicit-swift-module-map-file /Users/builder/clone/build/Build/Intermediates.noindex/AppFileManager.build/Release-iphoneos/AppFileManager.build/Objects-normal/arm64/AppFileManager-dependencies-1.json -debug-module-path /Users/builder/clone/build/Build/Intermediates.noindex/AppFileManager.build/Release-iphoneos/AppFileManager.build/Objects-normal/arm64/AppFileManager.swiftmodule -Xllvm -aarch64-use-tbi -enable-objc-interop -stack-check -sdk /Applications/Xcode-26.4.app/Contents/Developer/Platforms/iPhoneOS.platform/Developer/SDKs/iPhoneOS26.4.sdk -I /Users/builder/clone/build/Build/Products/Release-iphoneos -F /Users/builder/clone/build/Build/Products/Release-iphoneos -no-color-diagnostics -Xcc -fno-color-diagnostics -g -debug-info-format\=dwarf -dwarf-version\=4 -module-cache-path /Users/builder/clone/build/Build/Intermediates.noindex/SwiftExplicitPrecompiledModules -swift-version 5 -O -serialize-debugging-options -const-gather-protocols-file /Users/builder/clone/build/Build/Intermediates.noindex/AppFileManager.build/Release-iphoneos/AppFileManager.build/Objects-normal/arm64/AppFileManager_const_extract_protocols.json -enable-experimental-feature DebugDescriptionMacro -enable-bare-slash-regex -empty-abi-descriptor -validate-clang-modules-once -clang-build-session-file /Users/builder/clone/build/ModuleCache.noindex/Session.modulevalidation -Xcc -working-directory -Xcc /Users/builder/clone -file-compilation-dir /Users/builder/clone -Xcc -ivfsstatcache -Xcc /Users/builder/clone/build/SDKStatCaches.noindex/iphoneos26.4-23E252-dc38477e7e47e42951976ad86cc01fb3.sdkstatcache -Xcc -I/Users/builder/clone/build/Build/Intermediates.noindex/AppFileManager.build/Release-iphoneos/AppFileManager.build/swift-overrides.hmap -Xcc -iquote -Xcc /Users/builder/clone/build/Build/Intermediates.noindex/AppFileManager.build/Release-iphoneos/AppFileManager.build/AppFileManager-generated-files.hmap -Xcc -I/Users/builder/clone/build/Build/Intermediates.noindex/AppFileManager.build/Release-iphoneos/AppFileManager.build/AppFileManager-own-target-headers.hmap -Xcc -I/Users/builder/clone/build/Build/Intermediates.noindex/AppFileManager.build/Release-iphoneos/AppFileManager.build/AppFileManager-all-target-headers.hmap -Xcc -iquote -Xcc /Users/builder/clone/build/Build/Intermediates.noindex/AppFileManager.build/Release-iphoneos/AppFileManager.build/AppFileManager-project-headers.hmap -Xcc -I/Users/builder/clone/build/Build/Products/Release-iphoneos/include -Xcc -I/Users/builder/clone/Sources/idevice -Xcc -I/Users/builder/clone/build/Build/Intermediates.noindex/AppFileManager.build/Release-iphoneos/AppFileManager.build/DerivedSources-normal/arm64 -Xcc -I/Users/builder/clone/build/Build/Intermediates.noindex/AppFileManager.build/Release-iphoneos/AppFileManager.build/DerivedSources/arm64 -Xcc -I/Users/builder/clone/build/Build/Intermediates.noindex/AppFileManager.build/Release-iphoneos/AppFileManager.build/DerivedSources -import-objc-header /Users/builder/clone/build/Build/Intermediates.noindex/AppFileManager.build/Release-iphoneos/AppFileManager.build/Objects-normal/arm64/AppFileManager-primary-Bridging-header.pch -no-auto-bridging-header-chaining -module-name AppFileManager -frontend-parseable-output -disable-clang-spi -clang-target arm64-apple-ios26.4 -target-sdk-version 26.4 -target-sdk-name iphoneos26.4 -in-process-plugin-server-path /Applications/Xcode-26.4.app/Contents/Developer/Toolchains/XcodeDefault.xctoolchain/usr/lib/swift/host/libSwiftInProcPluginServer.dylib -enable-default-cmo -num-threads 8 -o /Users/builder/clone/build/Build/Intermediates.noindex/AppFileManager.build/Release-iphoneos/AppFileManager.build/Objects-normal/arm64/AppFileManagerApp.o -o /Users/builder/clone/build/Build/Intermediates.noindex/AppFileManager.build/Release-iphoneos/AppFileManager.build/Objects-normal/arm64/AFCBrowseView.o -o /Users/builder/clone/build/Build/Intermediates.noindex/AppFileManager.build/Release-iphoneos/AppFileManager.build/Objects-normal/arm64/AppSandboxBrowserEntryView.o -o /Users/builder/clone/build/Build/Intermediates.noindex/AppFileManager.build/Release-iphoneos/AppFileManager.build/Objects-normal/arm64/AppSandboxBrowserView.o -index-unit-output-path /AppFileManager.build/Release-iphoneos/AppFileManager.build/Objects-normal/arm64/AppFileManagerApp.o -index-unit-output-path /AppFileManager.build/Release-iphoneos/AppFileManager.build/Objects-normal/arm64/AFCBrowseView.o -index-unit-output-path /AppFileManager.build/Release-iphoneos/AppFileManager.build/Objects-normal/arm64/AppSandboxBrowserEntryView.o -index-unit-output-path /AppFileManager.build/Release-iphoneos/AppFileManager.build/Objects-normal/arm64/AppSandboxBrowserView.o
** BUILD FAILED **


The following build commands failed:
	CompileSwift normal arm64 (in target 'AppFileManager' from project 'AppFileManager')
	SwiftCompile normal arm64 Compiling\ AppFileManagerApp.swift,\ AFCBrowseView.swift,\ AppSandboxBrowserEntryView.swift,\ AppSandboxBrowserView.swift /Users/builder/clone/Sources/AppFileManagerApp.swift /Users/builder/clone/Sources/AFCBrowseView.swift /Users/builder/clone/Sources/AppSandboxBrowserEntryView.swift /Users/builder/clone/Sources/AppSandboxBrowserView.swift /Applications/Xcode-26.4.app/Contents/Developer/Toolchains/XcodeDefault.xctoolchain/usr/lib/swift/iphoneos/prebuilt-modules/26.4/_Builtin_float.swiftmodule/arm64e-apple-ios.swiftmodule /Applications/Xcode-26.4.app/Contents/Developer/Toolchains/XcodeDefault.xctoolchain/usr/lib/swift/iphoneos/prebuilt-modules/26.4/_DarwinFoundation3.swiftmodule/arm64e-apple-ios.swiftmodule /Applications/Xcode-26.4.app/Contents/Developer/Toolchains/XcodeDefault.xctoolchain/usr/lib/swift/iphoneos/prebuilt-modules/26.4/CoreTransferable.swiftmodule/arm64e-apple-ios.swiftmodule /Applications/Xcode-26.4.app/Contents/Developer/Toolchains/XcodeDefault.xctoolchain/usr/lib/swift/iphoneos/prebuilt-modules/26.4/System.swiftmodule/arm64e-apple-ios.swiftmodule /Applications/Xcode-26.4.app/Contents/Developer/Toolchains/XcodeDefault.xctoolchain/usr/lib/swift/iphoneos/prebuilt-modules/26.4/CoreFoundation.swiftmodule/arm64e-apple-ios.swiftmodule /Applications/Xcode-26.4.app/Contents/Developer/Toolchains/XcodeDefault.xctoolchain/usr/lib/swift/iphoneos/prebuilt-modules/26.4/CoreGraphics.swiftmodule/arm64e-apple-ios.swiftmodule /Applications/Xcode-26.4.app/Contents/Developer/Toolchains/XcodeDefault.xctoolchain/usr/lib/swift/iphoneos/prebuilt-modules/26.4/ObjectiveC.swiftmodule/arm64e-apple-ios.swiftmodule /Applications/Xcode-26.4.app/Contents/Developer/Toolchains/XcodeDefault.xctoolchain/usr/lib/swift/iphoneos/prebuilt-modules/26.4/Metal.swiftmodule/arm64e-apple-ios.swiftmodule /Applications/Xcode-26.4.app/Contents/Developer/Toolchains/XcodeDefault.xctoolchain/usr/lib/swift/iphoneos/prebuilt-modules/26.4/XPC.swiftmodule/arm64e-apple-ios.swiftmodule /Applications/Xcode-26.4.app/Contents/Developer/Toolchains/XcodeDefault.xctoolchain/usr/lib/swift/iphoneos/prebuilt-modules/26.4/Foundation.swiftmodule/arm64e-apple-ios.swiftmodule /Applications/Xcode-26.4.app/Contents/Developer/Toolchains/XcodeDefault.xctoolchain/usr/lib/swift/iphoneos/prebuilt-modules/26.4/DataDetection.swiftmodule/arm64e-apple-ios.swiftmodule /Applications/Xcode-26.4.app/Contents/Developer/Toolchains/XcodeDefault.xctoolchain/usr/lib/swift/iphoneos/prebuilt-modules/26.4/_StringProcessing.swiftmodule/arm64e-apple-ios.swiftmodule /Applications/Xcode-26.4.app/Contents/Developer/Toolchains/XcodeDefault.xctoolchain/usr/lib/swift/iphoneos/prebuilt-modules/26.4/CoreData.swiftmodule/arm64e-apple-ios.swiftmodule /Applications/Xcode-26.4.app/Contents/Developer/Toolchains/XcodeDefault.xctoolchain/usr/lib/swift/iphoneos/prebuilt-modules/26.4/Swift.swiftmodule/arm64e-apple-ios.swiftmodule /Applications/Xcode-26.4.app/Contents/Developer/Toolchains/XcodeDefault.xctoolchain/usr/lib/swift/iphoneos/prebuilt-modules/26.4/Spatial.swiftmodule/arm64e-apple-ios.swiftmodule /Applications/Xcode-26.4.app/Contents/Developer/Toolchains/XcodeDefault.xctoolchain/usr/lib/swift/iphoneos/prebuilt-modules/26.4/_DarwinFoundation1.swiftmodule/arm64e-apple-ios.swiftmodule /Applications/Xcode-26.4.app/Contents/Developer/Toolchains/XcodeDefault.xctoolchain/usr/lib/swift/iphoneos/prebuilt-modules/26.4/Symbols.swiftmodule/arm64e-apple-ios.swiftmodule /Applications/Xcode-26.4.app/Contents/Developer/Toolchains/XcodeDefault.xctoolchain/usr/lib/swift/iphoneos/prebuilt-modules/26.4/_DarwinFoundation2.swiftmodule/arm64e-apple-ios.swiftmodule /Applications/Xcode-26.4.app/Contents/Developer/Toolchains/XcodeDefault.xctoolchain/usr/lib/swift/iphoneos/prebuilt-modules/26.4/CoreText.swiftmodule/arm64e-apple-ios.swiftmodule /Applications/Xcode-26.4.app/Contents/Developer/Toolchains/XcodeDefault.xctoolchain/usr/lib/swift/iphoneos/prebuilt-modules/26.4/UniformTypeIdentifiers.swiftmodule/arm64e-apple-ios.swiftmodule /Applications/Xcode-26.4.app/Contents/Developer/Toolchains/XcodeDefault.xctoolchain/usr/lib/swift/iphoneos/prebuilt-modules/26.4/QuartzCore.swiftmodule/arm64e-apple-ios.swiftmodule /Applications/Xcode-26.4.app/Contents/Developer/Toolchains/XcodeDefault.xctoolchain/usr/lib/swift/iphoneos/prebuilt-modules/26.4/simd.swiftmodule/arm64e-apple-ios.swiftmodule /Applications/Xcode-26.4.app/Contents/Developer/Toolchains/XcodeDefault.xctoolchain/usr/lib/swift/iphoneos/prebuilt-modules/26.4/DeveloperToolsSupport.swiftmodule/arm64e-apple-ios.swiftmodule /Applications/Xcode-26.4.app/Contents/Developer/Toolchains/XcodeDefault.xctoolchain/usr/lib/swift/iphoneos/prebuilt-modules/26.4/CoreVideo.swiftmodule/arm64e-apple-ios.swiftmodule /Applications/Xcode-26.4.app/Contents/Developer/Toolchains/XcodeDefault.xctoolchain/usr/lib/swift/iphoneos/prebuilt-modules/26.4/CoreImage.swiftmodule/arm64e-apple-ios.swiftmodule /Applications/Xcode-26.4.app/Contents/Developer/Toolchains/XcodeDefault.xctoolchain/usr/lib/swift/iphoneos/prebuilt-modules/26.4/UIKit.swiftmodule/arm64e-apple-ios.swiftmodule /Applications/Xcode-26.4.app/Contents/Developer/Toolchains/XcodeDefault.xctoolchain/usr/lib/swift/iphoneos/prebuilt-modules/26.4/FileProvider.swiftmodule/arm64e-apple-ios.swiftmodule /Applications/Xcode-26.4.app/Contents/Developer/Toolchains/XcodeDefault.xctoolchain/usr/lib/swift/iphoneos/prebuilt-modules/26.4/OSLog.swiftmodule/arm64e-apple-ios.swiftmodule /Applications/Xcode-26.4.app/Contents/Developer/Toolchains/XcodeDefault.xctoolchain/usr/lib/swift/iphoneos/prebuilt-modules/26.4/_Concurrency.swiftmodule/arm64e-apple-ios.swiftmodule /Applications/Xcode-26.4.app/Contents/Developer/Toolchains/XcodeDefault.xctoolchain/usr/lib/swift/iphoneos/prebuilt-modules/26.4/Combine.swiftmodule/arm64e-apple-ios.swiftmodule /Applications/Xcode-26.4.app/Contents/Developer/Toolchains/XcodeDefault.xctoolchain/usr/lib/swift/iphoneos/prebuilt-modules/26.4/SwiftUI.swiftmodule/arm64e-apple-ios.swiftmodule /Applications/Xcode-26.4.app/Contents/Developer/Toolchains/XcodeDefault.xctoolchain/usr/lib/swift/iphoneos/prebuilt-modules/26.4/Observation.swiftmodule/arm64e-apple-ios.swiftmodule /Applications/Xcode-26.4.app/Contents/Developer/Toolchains/XcodeDefault.xctoolchain/usr/lib/swift/iphoneos/prebuilt-modules/26.4/SwiftUICore.swiftmodule/arm64e-apple-ios.swiftmodule /Applications/Xcode-26.4.app/Contents/Developer/Toolchains/XcodeDefault.xctoolchain/usr/lib/swift/iphoneos/prebuilt-modules/26.4/Accessibility.swiftmodule/arm64e-apple-ios.swiftmodule /Applications/Xcode-26.4.app/Contents/Developer/Toolchains/XcodeDefault.xctoolchain/usr/lib/swift/iphoneos/prebuilt-modules/26.4/os.swiftmodule/arm64e-apple-ios.swiftmodule /Applications/Xcode-26.4.app/Contents/Developer/Toolchains/XcodeDefault.xctoolchain/usr/lib/swift/iphoneos/prebuilt-modules/26.4/Dispatch.swiftmodule/arm64e-apple-ios.swiftmodule /Applications/Xcode-26.4.app/Contents/Developer/Toolchains/XcodeDefault.xctoolchain/usr/lib/swift/iphoneos/prebuilt-modules/26.4/Darwin.swiftmodule/arm64e-apple-ios.swiftmodule /Users/builder/clone/build/ModuleCache.noindex/SwiftUICore-3TSXSW4QEOWZ2JBTM7X67DSRH.pcm /Users/builder/clone/build/ModuleCache.noindex/OpenGLES-72RA1TWUX4POYIONMLQX5CP9S.pcm /Users/builder/clone/build/ModuleCache.noindex/CoreText-BK53IK1QLJQ03WEW03MWC8GB1.pcm /Users/builder/clone/build/ModuleCache.noindex/FileProvider-76GDPUN5KDSP5PCKZKOFWY6P7.pcm /Users/builder/clone/build/ModuleCache.noindex/Metal-C6HLMMJ44PT5A4RYEYWT9055C.pcm /Users/builder/clone/build/ModuleCache.noindex/CoreTransferable-CDLA2LA9GGMI1JR3O85AD9AON.pcm /Users/builder/clone/build/ModuleCache.noindex/simd-BXC0PGSJ1I7LH313WKBIPGUV.pcm /Users/builder/clone/build/ModuleCache.noindex/_Builtin_stdbool-BGHIGZN5QBYRNJP2V02D5RB3T.pcm /Users/builder/clone/build/ModuleCache.noindex/Foundation-EVJ5GPBA8EOORS8A04F3P2SBV.pcm /Users/builder/clone/build/ModuleCache.noindex/CFNetwork-30R5TRJX8257ZDJ08Y02NG8CC.pcm /Users/builder/clone/build/ModuleCache.noindex/ImageIO-EVQAB2GCVT28WIHZ1VK0FPFB.pcm /Users/builder/clone/build/ModuleCache.noindex/UIKit-AZUFHOVDDXTAI1S23LKLOWSMO.pcm /Users/builder/clone/build/ModuleCache.noindex/CoreFoundation-A7IULIYJID28SY455XO9LRS58.pcm /Users/builder/clone/build/ModuleCache.noindex/CoreGraphics-98CR3946JW7P4EXSMFAKUKFG9.pcm /Users/builder/clone/build/ModuleCache.noindex/Accessibility-2J7OWWCQ6BQBGOFQETIAP74OX.pcm /Users/builder/clone/build/ModuleCache.noindex/Symbols-204IY26W7MWBRUJ14O8M8V8X6.pcm /Users/builder/clone/build/ModuleCache.noindex/_Builtin_inttypes-6KVMU9RCCJ7PDGXS2OWJXGL3V.pcm /Users/builder/clone/build/ModuleCache.noindex/_DarwinFoundation1-RSLCXWQWY475KUUBRR4O8K0D.pcm /Users/builder/clone/build/ModuleCache.noindex/UniformTypeIdentifiers-AUAOV0AW8PSAZEHAQM8HDL8RT.pcm /Users/builder/clone/build/ModuleCache.noindex/Security-AT5HCL946R466VWAMQ57CWQXQ.pcm /Users/builder/clone/build/ModuleCache.noindex/QuartzCore-4WIW1JJLK8IIZEN63WK7SJPVW.pcm /Users/builder/clone/build/ModuleCache.noindex/CoreVideo-9FDMY5YNXQG30O3K1JVX8UY5Z.pcm /Users/builder/clone/build/ModuleCache.noindex/_Builtin_stdatomic-CUHEXJ28AOD5Z55UKPNKOCJ2V.pcm /Users/builder/clone/build/ModuleCache.noindex/os_workgroup-C6BSTXQY5P24MEEIHCWQ5IDZ3.pcm /Users/builder/clone/build/ModuleCache.noindex/Darwin-4ADV36AD603VZR4M0PP2S4F8T.pcm /Users/builder/clone/build/ModuleCache.noindex/Spatial-BWLO1IJOGE361YMYM9R6PZBHK.pcm /Users/builder/clone/build/ModuleCache.noindex/_Builtin_stddef-DZOYH08XJL48D3SI5OAFKIBD6.pcm /Users/builder/clone/build/ModuleCache.noindex/ObjectiveC-2PGWWUEE9F2OMI68C4Q9WNLWU.pcm /Users/builder/clone/build/ModuleCache.noindex/UserNotifications-BNYFZV4CIFL6C44G2SGM90XD3.pcm /Users/builder/clone/build/ModuleCache.noindex/_Builtin_limits-41O7ZD24X1GELP00S5HSCBDI0.pcm /Users/builder/clone/build/ModuleCache.noindex/MachO-BTSF17XG9UYWSQG577WRXAUSH.pcm /Users/builder/clone/build/ModuleCache.noindex/_Builtin_float-5HD41IS7616NBJZGMKV1K3RU8.pcm /Users/builder/clone/build/ModuleCache.noindex/os_object-9S6WUKAIU5V0N26EQIAX2M0SH.pcm /Users/builder/clone/build/ModuleCache.noindex/ptrauth-381XKFNKHZFQ8MMG7XEIEDXSZ.pcm /Users/builder/clone/build/ModuleCache.noindex/_Builtin_stdint-3KF4BGNQDXLAJIOIRV9Y0OOJD.pcm /Users/builder/clone/build/ModuleCache.noindex/os-E71G62SAVGQAD91YDTFK5D7IN.pcm /Users/builder/clone/build/ModuleCache.noindex/_SwiftConcurrencyShims-1CGIADTMAR9UAJ8PF0DA2FPWN.pcm /Users/builder/clone/build/ModuleCache.noindex/Dispatch-V0IT8CNMGTC8VH9PKS4FDX5.pcm /Users/builder/clone/build/ModuleCache.noindex/OSLog-2NQ61MS1QIY837HTAVJV223EW.pcm /Users/builder/clone/build/ModuleCache.noindex/DeveloperToolsSupport-A34TLED098BULE2NP219XP4HY.pcm /Users/builder/clone/build/ModuleCache.noindex/_Builtin_stdarg-BFPOVNKDFDT2T6QKIKBU5F3UQ.pcm /Users/builder/clone/build/ModuleCache.noindex/sys_types-CDZ1K86JQDBGHI7E5D9G7YR14.pcm /Users/builder/clone/build/ModuleCache.noindex/_Builtin_intrinsics-3WQ16JLGCE2NTIEGOF3YLGDMO.pcm /Users/builder/clone/build/ModuleCache.noindex/CoreImage-NBV3D8GQ1QBXMJQHVP5A4PEW.pcm /Users/builder/clone/build/ModuleCache.noindex/DataDetection-B7BET286NVG0FB68Y1YOLVALR.pcm /Users/builder/clone/build/ModuleCache.noindex/_DarwinFoundation2-9LC7S8F14R735T9JYNL2NUU61.pcm /Users/builder/clone/build/ModuleCache.noindex/CoreData-1Q4DY6UO10D4EHPS520CO39OE.pcm /Users/builder/clone/build/ModuleCache.noindex/IOSurface-9L9OW4KZVKVC1EBQHHIZ7A2NO.pcm /Users/builder/clone/build/ModuleCache.noindex/_DarwinFoundation3-BWPW0TEFHLPXM2FWWX33WXWU7.pcm /Users/builder/clone/build/ModuleCache.noindex/SwiftShims-9A6D1XTK65AH5REXGEHF2IZJN.pcm /Users/builder/clone/build/ModuleCache.noindex/SwiftUI-AQ7SVZMAN3J2P2QGQGGKI8ZN.pcm /Users/builder/clone/build/ModuleCache.noindex/ptrcheck-ALS7L3FV5HXLK0BLDC7I3RIVZ.pcm /Users/builder/clone/build/ModuleCache.noindex/UIUtilities-C3DQ83BM0MAXRLB4M4GB75P9Z.pcm /Users/builder/clone/build/ModuleCache.noindex/XPC-60GLAJJW5ZS4DOO311541DMAG.pcm /Users/builder/clone/build/ModuleCache.noindex/_AvailabilityInternal-6YQF6YMY3WUC42Z147LWRZF04.pcm /Users/builder/clone/build/ModuleCache.noindex/_Builtin_tgmath-21P82LQTX07N48TELLSWASFM5.pcm /Users/builder/clone/build/Build/Intermediates.noindex/AppFileManager.build/Release-iphoneos/AppFileManager.build/Objects-normal/arm64/AppFileManager-dependencies-1.json /Users/builder/clone/build/Build/Intermediates.noindex/AppFileManager.build/Release-iphoneos/AppFileManager.build/Objects-normal/arm64/AppFileManager-primary-Bridging-header.pch (in target 'AppFileManager' from project 'AppFileManager')
	Building project AppFileManager with scheme AppFileManager and configuration Release
(3 failures)


Build failed :|
Step 2 script `Build app` exited with status code 65